id,지역,이름,걸러낸 이유
"4110235","하동","지리산국립공원 화개탐방안내소","이름이 '탐방안내소'로 끝남"
"3547899","강릉","강문해변화장실","이름이 '화장실'로 끝남"
"3541047","강릉","주문진 관광안내센터","이름이 '관광안내센터'로 끝남"
"130234","정읍","내장산 탐방안내소","이름이 '탐방안내소'로 끝남"
"2986689","제주","제주고산리유적안내센터","이름이 '안내센터'로 끝남"
"646954","속초","설악산 탐방안내소","이름이 '탐방안내소'로 끝남"
"2858291","제주","어리목탐방안내소","이름이 '탐방안내소'로 끝남"
"4061724","서울","고터 세빛 관광안내센터","이름이 '관광안내센터'로 끝남"
"3489545","부산","해파랑길 관광안내소","이름이 '관광안내소'로 끝남"
"2901687","청주","슈마커플러스 청주성안점","이름에 '슈마커'"
"4013296","청주","CU 오송연화점","이름에 'CU'"
"4013280","청주","CU 청주사창타운점","이름에 'CU'"
"4013276","청주","CU 청주중앙점","이름에 'CU'"
"3307106","제주","CU 제주항국제여객터미널","이름에 'CU'"
"4026820","서귀포","CU 서귀포항점","이름에 'CU'"
"2929687","서울","아트박스 서교동점","이름에 '아트박스'"
"4011753","서울","CU 당곡역점","이름에 'CU'"
"4011312","부산","CU 해운대마리안느점","이름에 'CU'"
"3306748","대전","CU 자양본점","이름에 'CU'"
"2900108","인천","나이키 신포점","이름에 '나이키'"
"2903273","광주","올리브영 광주매곡점","이름에 '올리브영'"
"2903790","광주","올리브영 광주518공원점","이름에 '올리브영'"
"2904314","인천","올리브영 인천신현점","이름에 '올리브영'"
"2907342","여수","유니클로 여수둔덕점","이름에 '유니클로'"
"2909888","광주","올리브영 광주치평점","이름에 '올리브영'"
"2911525","광주","올리브영 광주 타운","이름에 '올리브영'"
"2911829","목포","올리브영 목포평화광장점","이름에 '올리브영'"
"2912514","인천","유니클로 인천항동점","이름에 '유니클로'"
"2912568","광주","올리브영 광주황금점","이름에 '올리브영'"
"2914995","광주","유니클로 광주연제점","이름에 '유니클로'"
"2915031","광주","올리브영 광주수완점","이름에 '올리브영'"
"2916128","인천","뉴발란스 모다아울렛 인천점","이름에 '뉴발란스'"
"2916234","인천","올리브영 인천공항제1여객터미널점","이름에 '올리브영'"
"2918058","인천","올리브영 운서역점","이름에 '올리브영'"
"2923092","인천","올리브영 인천원당점","이름에 '올리브영'"
"2924447","광주","올리브영 광주송정역점","이름에 '올리브영'"
"2925120","인천","올리브영 청라타워돔점","이름에 '올리브영'"
"2925621","순천","유니클로 순천연향점","이름에 '유니클로'"
"2927097","광주","올리브영 광주용봉지구점","이름에 '올리브영'"
"2928356","무안","나이키골프 롯데아울렛 남악점","이름에 '나이키'"
"2929160","인천","올리브영 청라스퀘어세븐점","이름에 '올리브영'"
"2930164","인천","올리브영 인천공항제2여객터미널점","이름에 '올리브영'"
"2930726","광주","올리브영 광주하남콜럼버스점","이름에 '올리브영'"
"2930771","목포","유니클로 목포상동점","이름에 '유니클로'"
"2931350","인천","나이키 모다아울렛 인천점","이름에 '나이키'"
"2931502","광주","올리브영 광주상무역점","이름에 '올리브영'"
"3305944","광주","올리브영 광주선운지구점","이름에 '올리브영'"
"3306066","인천","올리브영 영종하늘도시점","이름에 '올리브영'"
"3306317","인천","스파오키즈 모다아울렛 인천점","이름에 '스파오'"
"3307156","인천","아디다스 모다아울렛 인천점","이름에 '아디다스'"
"3307321","인천","ABC마트 ST 모다아울렛 인천점","이름에 'ABC마트'"
"3307512","인천","스파오 모다아울렛 인천점","이름에 '스파오'"
"3307630","인천","미즈노 모다아울렛 인천점","이름에 '미즈노'"
"3307683","무안","올리브영 롯데아울렛 남악점","이름에 '올리브영'"
"4008418","광주","올리브영 광주신가점","이름에 '올리브영'"
"4008419","광주","올리브영 광주신창점","이름에 '올리브영'"
"4008420","광주","올리브영 광주하남점","이름에 '올리브영'"
"4008421","광주","올리브영 광주첨단쌍암점","이름에 '올리브영'"
"4008422","광주","올리브영 광주장덕점","이름에 '올리브영'"
"4008425","광주","아디다스 롯데아울렛 광주수완점","이름에 '아디다스'"
"4008426","광주","올리브영 광주봉선점","이름에 '올리브영'"
"4008427","광주","올리브영 광주진월점","이름에 '올리브영'"
"4008428","광주","올리브영 광주효천지구점","이름에 '올리브영'"
"4008429","광주","올리브영 광주충장로입구점","이름에 '올리브영'"
"4008430","광주","스파오 충장로점","이름에 '스파오'"
"4008432","광주","올리브영 광주문흥점","이름에 '올리브영'"
"4008433","광주","올리브영 홈플러스동광주점","이름에 '올리브영'"
"4008434","광주","올리브영 광주운암점","이름에 '올리브영'"
"4008435","광주","올리브영 광주일곡점","이름에 '올리브영'"
"4008436","광주","올리브영 광주양산점","이름에 '올리브영'"
"4008437","광주","올리브영 광주첨단2지구점","이름에 '올리브영'"
"4008438","광주","올리브영 롯데아울렛광주월드컵점","이름에 '올리브영'"
"4008439","광주","올리브영 광주금호지구점","이름에 '올리브영'"
"4008440","광주","올리브영 광주광천점","이름에 '올리브영'"
"4008442","광주","스파오 광주 상무점","이름에 '스파오'"
"4008444","광주","올리브영 광주화정점","이름에 '올리브영'"
"4008445","광주","올리브영 이마트광주점","이름에 '올리브영'"
"4008446","광주","올리브영 광주상무시청점","이름에 '올리브영'"
"4008447","광주","올리브영 광주풍암점","이름에 '올리브영'"
"4008448","광주","올리브영 광주동천점","이름에 '올리브영'"
"4009510","인천","올리브영 인천석남점","이름에 '올리브영'"
"4009511","인천","올리브영 인천루원시티점","이름에 '올리브영'"
"4009512","인천","올리브영 검단사거리점","이름에 '올리브영'"
"4009513","인천","올리브영 인천불로동점","이름에 '올리브영'"
"4009514","인천","올리브영 인천검암점","이름에 '올리브영'"
"4009515","인천","올리브영 검단신도시점","이름에 '올리브영'"
"4009516","인천","올리브영 인천가좌점","이름에 '올리브영'"
"4009517","인천","올리브영 인천검단센트럴점","이름에 '올리브영'"
"4009518","인천","올리브영 검단아라점","이름에 '올리브영'"
"4009519","인천","올리브영 홈플러스 인천청라점","이름에 '올리브영'"
"4009520","인천","올리브영 인천청라점","이름에 '올리브영'"
"4009521","인천","올리브영 청라커낼에비뉴점","이름에 '올리브영'"
"4009522","인천","올리브영 청라시티점","이름에 '올리브영'"
"4009523","인천","올리브영 인천서구청점","이름에 '올리브영'"
"4009527","인천","올리브영 인천인스파이어점","이름에 '올리브영'"
"4009528","인천","올리브영 영종하늘달빛로점","이름에 '올리브영'"
"4009529","인천","올리브영 운서점","이름에 '올리브영'"
"4009530","고흥","올리브영 전남고흥점","이름에 '올리브영'"
"4009531","광양","올리브영 광양중마점","이름에 '올리브영'"
"4009532","광양","올리브영 광양LF스퀘어점","이름에 '올리브영'"
"4009534","나주","올리브영 나주혁신도시점","이름에 '올리브영'"
"4009535","나주","올리브영 나주빛가람동점","이름에 '올리브영'"
"4009536","나주","올리브영 전남나주점","이름에 '올리브영'"
"4009537","목포","올리브영 목포하당점","이름에 '올리브영'"
"4009538","목포","올리브영 목포터미널점","이름에 '올리브영'"
"4009539","목포","올리브영 목포역점","이름에 '올리브영'"
"4009540","목포","올리브영 목포북항점","이름에 '올리브영'"
"4009542","목포","올리브영 목포용해점","이름에 '올리브영'"
"4009543","무안","올리브영 전남무안점","이름에 '올리브영'"
"4009544","무안","올리브영 남악신도시점","이름에 '올리브영'"
"4009545","무안","올리브영 남악전남도청점","이름에 '올리브영'"
"4009548","순천","올리브영 순천용당점","이름에 '올리브영'"
"4009549","순천","올리브영 순천연향점","이름에 '올리브영'"
"4009550","순천","올리브영 순천오천지구점","이름에 '올리브영'"
"4009551","순천","올리브영 순천왕조점","이름에 '올리브영'"
"4009552","순천","올리브영 순천호수공원점","이름에 '올리브영'"
"4009553","순천","올리브영 순천조례중앙점","이름에 '올리브영'"
"4009554","순천","올리브영 순천신대지구점","이름에 '올리브영'"
"4009557","화순","올리브영 전남화순점","이름에 '올리브영'"
"4012203","광주","유니클로 광주 비아점","이름에 '유니클로'"
"4012216","광주","아트박스 광주진월점","이름에 '아트박스'"
"4012220","광주","아트박스 광주충장로점","이름에 '아트박스'"
"4012225","광주","아디다스 롯데아울렛 광주월드컵점","이름에 '아디다스'"
"4012230","광주","유니클로 서광주점","이름에 '유니클로'"
"4012926","인천","올리브영 인천신포점","이름에 '올리브영'"
"4012929","인천","명품굿마트","이름이 '마트'로 끝남"
"4012938","광양","올리브영 홈플러스 광양점","이름에 '올리브영'"
"4012939","목포","탑텐 목포옥암점","이름에 '탑텐'"
"4012941","목포","올리브영 목포옥암점","이름에 '올리브영'"
"4012955","순천","아트박스 순천중앙점","이름에 '아트박스'"
"4012956","여수","올리브영 여수웅천마리나점","이름에 '올리브영'"
"4026160","인천","다이소 인천운서동점","이름에 '다이소'"
"4026163","인천","아트박스 영종하늘도시점","이름에 '아트박스'"
"4026165","광양","유니클로 LF스퀘어몰 광양점","이름에 '유니클로'"
"4026192","여수","아트박스 여수점","이름에 '아트박스'"
"4026455","광주","아트박스 광주수완점","이름에 '아트박스'"
"4026483","광주","아트박스 광주상무점","이름에 '아트박스'"
"3306111","서울","컨버스 롯데월드몰점","이름에 '컨버스'"
"2905452","제주","아트박스 제주시청점","이름에 '아트박스'"
"2923061","울산","올리브영 홈플러스 울산남구점","이름에 '올리브영'"
"4009609","서울","올리브영 홈플러스신내점","이름에 '올리브영'"
"2924746","서울","올리브영 현대아울렛 가든파이브점","이름에 '올리브영'"
"3305561","서울","올리브영 커먼그라운드점","이름에 '올리브영'"
"2901780","서울","컨버스 두타몰점","이름에 '컨버스'"
"2913601","서울","올리브영 연신내로데오점","이름에 '올리브영'"
"2930615","서울","유니클로 파스텔시티 사당점","이름에 '유니클로'"
"2930878","서울","ABC마트 GS 홍대홍익로점","이름에 'ABC마트'"
"2916320","부산","아디다스 퍼포먼스 광복점","이름에 '아디다스'"
"2930639","부산","다이소 부산국제시장점","이름에 '다이소'"
"3556987","경산","올리브영 경산조영점","이름에 '올리브영'"
"2899929","진주","올리브영 롯데몰진주점","이름에 '올리브영'"
"4008192","안양","올리브영 뉴코아아울렛 평촌점","이름에 '올리브영'"
"4010355","평택","올리브영 평택역점","이름에 '올리브영'"
"4012861","인천","올리브영 인천강화점","이름에 '올리브영'"
"4008294","밀양","올리브영 밀양삼문점","이름에 '올리브영'"
"4011024","거제","올리브영 거제고현점","이름에 '올리브영'"
"4012141","진주","올리브영 진주과기대점","이름에 '올리브영'"
"4013036","서울","CU 이화여대ECC점","이름에 'CU'"
"4008088","부산","스파오 서면중앙점","이름에 '스파오'"
"4009631","아산","올리브영 아산용화점","이름에 '올리브영'"
"4009629","아산","올리브영 아산배방점","이름에 '올리브영'"
"4009627","서산","올리브영 서산테크노밸리점","이름에 '올리브영'"
"4009015","서울","올리브영 홍대 타운","이름에 '올리브영'"
"4008935","서울","올리브영 트렌드팟 바이 홍대점","이름에 '올리브영'"
"4008934","서울","올리브영 홍대놀이터점","이름에 '올리브영'"
"2930387","전주","올리브영 전북대점","이름에 '올리브영'"
"2910530","제주","탑텐키즈 롯데마트 제주점","이름에 '탑텐'"
"2910951","청주","나이키 유나이트 롯데아울렛 청주점","이름에 '나이키'"
"2903135","인천","나이키팩토리스토어 일신점","이름에 '나이키'"
"2914258","인천","탑텐키즈 스퀘어원점","이름에 '탑텐'"
"2922536","부산","나이키 라이즈 롯데백화점 광복점","이름에 '나이키'"
"2913862","서울","뉴발란스 타임스트림점","이름에 '뉴발란스'"
"2930603","서울","컨버스 커먼그라운드점","이름에 '컨버스'"
"2910678","서울","아디다스 퍼포먼스 타임스퀘어점","이름에 '아디다스'"
"2925802","서울","ABC마트 ST 연신내역점","이름에 'ABC마트'"
"2900731","서울","유니클로 신사점","이름에 '유니클로'"
"2901147","서울","유니클로 마리오아울렛 3관점","이름에 '유니클로'"
"2901503","서울","나이키 강남","이름에 '나이키'"
"2902422","서울","올리브영 서울시립대점","이름에 '올리브영'"
"2902626","서울","올리브영 신도림테크노마트점","이름에 '올리브영'"
"2904010","서울","올리브영 서초역점","이름에 '올리브영'"
"2904115","서울","올리브영 방배이수점","이름에 '올리브영'"
"2904355","서울","올리브영 가재울뉴타운점","이름에 '올리브영'"
"2904425","서울","올리브영 압구정역점","이름에 '올리브영'"
"2904442","서울","올리브영 영등포역점","이름에 '올리브영'"
"2904455","서울","유니클로 롯데백화점 건대스타시티점","이름에 '유니클로'"
"2904552","부천","올리브영 송내로데오점","이름에 '올리브영'"
"2904981","서울","올리브영 숭실대입구역점","이름에 '올리브영'"
"2905576","서울","올리브영 공덕역점","이름에 '올리브영'"
"2906072","서울","올리브영 마곡나루역점","이름에 '올리브영'"
"2906298","수원","올리브영 수원인계점","이름에 '올리브영'"
"2906326","대전","ABC마트 SP 대전은행점","이름에 'ABC마트'"
"2906334","인천","올리브영 송도센트럴파크점","이름에 '올리브영'"
"2906423","부산","올리브영 부산센텀점","이름에 '올리브영'"
"2906576","대전","올리브영 대전목원대점","이름에 '올리브영'"
"2906629","서울","올리브영 정릉점","이름에 '올리브영'"
"2906639","서울","올리브영 학동역점","이름에 '올리브영'"
"2906645","용인","올리브영 용인중앙점","이름에 '올리브영'"
"2907219","서울","올리브영 증미역점","이름에 '올리브영'"
"2907233","성남","올리브영 판교아브뉴프랑점","이름에 '올리브영'"
"2907298","서울","올리브영 우장산역점","이름에 '올리브영'"
"2907530","서울","올리브영 고덕점","이름에 '올리브영'"
"2907867","서울","올리브영 홈플러스월곡점","이름에 '올리브영'"
"2908377","서울","올리브영 가산점","이름에 '올리브영'"
"2908842","수원","올리브영 수원금곡점","이름에 '올리브영'"
"2909517","서울","올리브영 신림역점","이름에 '올리브영'"
"2909837","여주","아디다스 신세계사이먼프리미엄아울렛 여주점","이름에 '아디다스'"
"2910232","군산","올리브영 군산나운점","이름에 '올리브영'"
"2910346","전주","ABC마트 MS 전주객사점","이름에 'ABC마트'"
"2910904","서울","올리브영 상암MBC점","이름에 '올리브영'"
"2911133","서울","올리브영 홍대입구역점","이름에 '올리브영'"
"2911307","서울","올리브영 신사점","이름에 '올리브영'"
"2911331","부산","올리브영 해운대역점","이름에 '올리브영'"
"2911640","서울","올리브영 둔촌점","이름에 '올리브영'"
"2911661","제주","올리브영 제주노형점","이름에 '올리브영'"
"2911793","파주","올리브영 파주교하점","이름에 '올리브영'"
"2911908","서울","올리브영 역삼역점","이름에 '올리브영'"
"2912327","서울","올리브영 동묘앞역점","이름에 '올리브영'"
"2912347","안양","올리브영 안양1번가점","이름에 '올리브영'"
"2912404","부산","올리브영 부산대역점","이름에 '올리브영'"
"2912519","부천","올리브영 스타필드 시티 부천점","이름에 '올리브영'"
"2912601","서울","올리브영 양재스타클래스점","이름에 '올리브영'"
"2912619","서울","올리브영 노원역사거리점","이름에 '올리브영'"
"2912896","당진","유니클로 당진 읍내점","이름에 '유니클로'"
"2913806","인천","아디다스 롯데백화점 인천점","이름에 '아디다스'"
"2913951","용인","올리브영 수지중앙점","이름에 '올리브영'"
"2914123","광명","올리브영 광명하안점","이름에 '올리브영'"
"2914234","시흥","올리브영 시흥대야점","이름에 '올리브영'"
"2914825","대전","올리브영 대전시청역점","이름에 '올리브영'"
"2916118","광명","나이키골프 롯데몰 광명점","이름에 '나이키'"
"2916326","부산","아디다스 신세계사이먼프리미엄아울렛 부산점","이름에 '아디다스'"
"2917250","서울","올리브영 청담사거리점","이름에 '올리브영'"
"2917444","군산","유니클로 롯데몰 군산점","이름에 '유니클로'"
"2917798","서울","탑텐 롯데백화점 건대스타시티점","이름에 '탑텐'"
"2918267","김포","올리브영 김포구래점","이름에 '올리브영'"
"2918269","서울","올리브영 사당역점","이름에 '올리브영'"
"2918512","시흥","나이키 신세계사이먼프리미엄아울렛 시흥점","이름에 '나이키'"
"2922501","서울","올리브영 배명사거리점","이름에 '올리브영'"
"2922809","서울","올리브영 홈플러스 금천점","이름에 '올리브영'"
"2922858","서울","올리브영 시흥사거리점","이름에 '올리브영'"
"2923003","부산","올리브영 부산화명점","이름에 '올리브영'"
"2923575","안산","올리브영 상록수역점","이름에 '올리브영'"
"2923656","안산","올리브영 안산선부점","이름에 '올리브영'"
"2923715","천안","유니클로 신세계백화점 천안아산점","이름에 '유니클로'"
"2923846","부산","올리브영 덕천중앙점","이름에 '올리브영'"
"2923876","화성","아트박스 동탄타임테라스점","이름에 '아트박스'"
"2923921","서울","올리브영 발산점","이름에 '올리브영'"
"2923982","시흥","뉴발란스 신세계사이먼프리미엄아울렛 시흥점","이름에 '뉴발란스'"
"2924019","파주","ABC마트 ST 롯데프리미엄아울렛 파주점","이름에 'ABC마트'"
"2924162","대구","유니클로 대구대천점","이름에 '유니클로'"
"2924322","춘천","올리브영 춘천명동점","이름에 '올리브영'"
"2924339","서울","올리브영 가산디지털단지역점","이름에 '올리브영'"
"2924531","부천","올리브영 부천역사점","이름에 '올리브영'"
"2924563","서울","아디다스 NC백화점 송파점","이름에 '아디다스'"
"2924565","성남","올리브영 가천대점","이름에 '올리브영'"
"2924745","서울","올리브영 대림성모점","이름에 '올리브영'"
"2924761","수원","올리브영 수원매탄점","이름에 '올리브영'"
"2924765","서울","올리브영 홈플러스영등포점","이름에 '올리브영'"
"2924769","서울","올리브영 성수역점","이름에 '올리브영'"
"2924839","서울","올리브영 남부터미널점","이름에 '올리브영'"
"2924925","대구","올리브영 경북대점","이름에 '올리브영'"
"2924933","시흥","올리브영 배곧신도시점","이름에 '올리브영'"
"2925123","양주","올리브영 양주고읍점","이름에 '올리브영'"
"2925795","서울","올리브영 선릉로점","이름에 '올리브영'"
"2927066","서울","올리브영 미아역점","이름에 '올리브영'"
"2927070","천안","올리브영 모다아울렛 천안아산점","이름에 '올리브영'"
"2928870","부산","뉴발란스 신세계사이먼프리미엄아울렛 부산점","이름에 '뉴발란스'"
"2929093","성남","올리브영 판교유스페이스점","이름에 '올리브영'"
"2929556","서울","올리브영 신촌역점","이름에 '올리브영'"
"2929823","제주","올리브영 제주국제공항점","이름에 '올리브영'"
"2930386","전주","올리브영 전주서부신시가지점","이름에 '올리브영'"
"2930388","전주","올리브영 전주서신동점","이름에 '올리브영'"
"2930423","서울","올리브영 코엑스몰점","이름에 '올리브영'"
"2930436","서울","나이키 롯데백화점 건대스타시티점","이름에 '나이키'"
"2930447","전주","아디다스 전주중앙점","이름에 '아디다스'"
"2930522","전주","뉴발란스 전주점","이름에 '뉴발란스'"
"2930610","안산","올리브영 안산점","이름에 '올리브영'"
"2930620","서울","올리브영 아현역점","이름에 '올리브영'"
"2930642","화성","올리브영 화성향남점","이름에 '올리브영'"
"2930657","서울","올리브영 구로호텔점","이름에 '올리브영'"
"2930735","성남","올리브영 분당서현점","이름에 '올리브영'"
"2930741","김포","올리브영 김포사우점","이름에 '올리브영'"
"2930752","서울","올리브영 천호중앙점","이름에 '올리브영'"
"2930902","서울","유니클로 용산 아이파크몰 용산점","이름에 '유니클로'"
"2930907","서울","올리브영 장안동사거리점","이름에 '올리브영'"
"2930912","서울","올리브영 군자역점","이름에 '올리브영'"
"2930915","구미","올리브영 구미확장단지점","이름에 '올리브영'"
"2930995","서울","올리브영 오목교역점","이름에 '올리브영'"
"2930999","서울","올리브영 신길점","이름에 '올리브영'"
"2931567","의정부","올리브영 의정부민락점","이름에 '올리브영'"
"2931606","부산","유니클로 롯데백화점 센텀시티점","이름에 '유니클로'"
"2931660","부천","유니클로 롯데백화점 중동점","이름에 '유니클로'"
"2931718","서울","올리브영 학동중앙점","이름에 '올리브영'"
"2931813","서울","올리브영 만리동점","이름에 '올리브영'"
"3305318","전주","올리브영 전주송천점","이름에 '올리브영'"
"3305342","수원","올리브영 광교앨리웨이점","이름에 '올리브영'"
"3305347","남양주","올리브영 남양주별내점","이름에 '올리브영'"
"3305372","광명","올리브영 롯데몰 광명점","이름에 '올리브영'"
"3305399","창원","올리브영 창원용호점","이름에 '올리브영'"
"3305416","서울","ABC마트 마리오아울렛 3관점","이름에 'ABC마트'"
"3305435","부천","올리브영 부천시청사거리점","이름에 '올리브영'"
"3305543","평택","올리브영 평택고덕점","이름에 '올리브영'"
"3305575","부천","올리브영 송내남부역점","이름에 '올리브영'"
"3305595","서울","나이키골프 마리오아울렛 2관점","이름에 '나이키'"
"3305608","전주","올리브영 전주중화산점","이름에 '올리브영'"
"3305830","전주","올리브영 전주서부센터점","이름에 '올리브영'"
"3305855","전주","올리브영 전주서신점","이름에 '올리브영'"
"3305866","고양","올리브영 일산후곡점","이름에 '올리브영'"
"3305903","파주","올리브영 파주다율점","이름에 '올리브영'"
"3305940","남양주","올리브영 남양주장현점","이름에 '올리브영'"
"3305986","고양","올리브영 고양원당점","이름에 '올리브영'"
"3306011","안양","올리브영 평촌점","이름에 '올리브영'"
"3306168","고양","올리브영 탄현제니스점","이름에 '올리브영'"
"3306172","서울","나이키 마리오아울렛 3관점","이름에 '나이키'"
"3306208","평택","올리브영 평택청북점","이름에 '올리브영'"
"3306316","파주","올리브영 파주운정점","이름에 '올리브영'"
"3306392","제주","올리브영 제주나인몰점","이름에 '올리브영'"
"3306400","전주","올리브영 전주인후점","이름에 '올리브영'"
"3306414","서울","올리브영 신천중앙점","이름에 '올리브영'"
"3306518","서울","폴더 마리오아울렛 3관점","이름에 '폴더'"
"3306551","서울","올리브영 롯데백화점 에비뉴엘 잠실점","이름에 '올리브영'"
"3306574","화성","올리브영 동탄목동점","이름에 '올리브영'"
"3306589","전주","올리브영 전주평화점","이름에 '올리브영'"
"3306595","서울","올리브영 연신내점","이름에 '올리브영'"
"3306612","화성","올리브영 동탄타임테라스점","이름에 '올리브영'"
"3306848","창원","올리브영 창원시티세븐점","이름에 '올리브영'"
"3306850","서울","CU 역삼경복점","이름에 'CU'"
"3306905","파주","올리브영 파주금릉역점","이름에 '올리브영'"
"3306914","전주","올리브영 홈플러스 전주효자점","이름에 '올리브영'"
"3306915","전주","올리브영 전주서부효자점","이름에 '올리브영'"
"3307013","창원","올리브영 진해신항점","이름에 '올리브영'"
"3307082","파주","올리브영 파주가람점","이름에 '올리브영'"
"3307169","서울","나이키 신세계백화점 타임스퀘어점","이름에 '나이키'"
"3307223","화성","올리브영 동탄그랑파사쥬점","이름에 '올리브영'"
"3307245","서울","아디다스 마리오아울렛 3관점","이름에 '아디다스'"
"3307248","울산","아트박스 울산옥동점","이름에 '아트박스'"
"3307251","전주","올리브영 전주삼천점","이름에 '올리브영'"
"3307329","서귀포","올리브영 서귀포광장점","이름에 '올리브영'"
"3307343","부천","올리브영 부천옥길점","이름에 '올리브영'"
"3307525","서울","올리브영 문래점","이름에 '올리브영'"
"3307531","전주","올리브영 전주안골사거리점","이름에 '올리브영'"
"3307666","남양주","올리브영 남양주덕소점","이름에 '올리브영'"
"3307706","화성","올리브영 병점역점","이름에 '올리브영'"
"3307735","전주","올리브영 전주에코시티점","이름에 '올리브영'"
"4007995","대전","올리브영 현대프리미엄아울렛 대전점","이름에 '올리브영'"
"4007998","대전","아디다스 현대프리미엄아울렛 대전점","이름에 '아디다스'"
"4008033","부산","올리브영 롯데프리미엄아울렛 동부산점","이름에 '올리브영'"
"4008041","부산","올리브영 신세계사이먼프리미엄아울렛 부산점","이름에 '올리브영'"
"4008049","부산","올리브영 롯데백화점 동래점","이름에 '올리브영'"
"4008097","김포","올리브영 현대프리미엄아울렛 김포점","이름에 '올리브영'"
"4008134","부천","올리브영 현대백화점 중동점","이름에 '올리브영'"
"4008150","수원","올리브영 롯데몰 광교점","이름에 '올리브영'"
"4008172","시흥","올리브영 신세계사이먼프리미엄아울렛 시흥점","이름에 '올리브영'"
"4008204","용인","올리브영 롯데프리미엄아울렛 기흥점","이름에 '올리브영'"
"4008217","의왕","올리브영 롯데프리미엄아울렛 의왕점","이름에 '올리브영'"
"4008227","이천","올리브영 롯데프리미엄아울렛 이천점","이름에 '올리브영'"
"4008229","파주","올리브영 신세계사이먼프리미엄아울렛 파주점","이름에 '올리브영'"
"4008273","김해","나이키골프 롯데프리미엄아울렛 김해점","이름에 '나이키'"
"4008284","김해","뉴발란스키즈 롯데프리미엄아울렛 김해점","이름에 '뉴발란스'"
"4008290","김해","올리브영 롯데프리미엄아울렛 김해점","이름에 '올리브영'"
"4008734","대구","올리브영 롯데백화점 대구점","이름에 '올리브영'"
"4008735","대구","아디다스 롯데백화점 대구점","이름에 '아디다스'"
"4008770","부산","아디다스 롯데프리미엄아울렛 동부산점","이름에 '아디다스'"
"4008858","서울","나이키 롯데백화점 청량리점","이름에 '나이키'"
"4009433","서울","아디다스골프 롯데아울렛 서울역점","이름에 '아디다스'"
"4009447","서울","올리브영 롯데몰 은평점","이름에 '올리브영'"
"4009665","청주","올리브영 롯데아울렛 청주점","이름에 '올리브영'"
"4009666","청주","뉴발란스 롯데아울렛 청주점","이름에 '뉴발란스'"
"4010364","평택","올리브영 AK플라자 평택점","이름에 '올리브영'"
"4010443","고양","탑텐 스타필드 고양점","이름에 '탑텐'"
"4010530","고양","아디다스 롯데아울렛 고양점","이름에 '아디다스'"
"4010622","고양","아디다스 롯데아울렛 고양터미널점","이름에 '아디다스'"
"4011069","구리","탑텐키즈 롯데아울렛 구리점","이름에 '탑텐'"
"4011271","부산","아디다스 롯데백화점 광복점","이름에 '아디다스'"
"4011305","부산","아디다스 롯데백화점 센텀시티점","이름에 '아디다스'"
"4011370","수원","나이키 롯데몰 광교점","이름에 '나이키'"
"4011443","서울","나이키 스타필드 코엑스몰점","이름에 '나이키'"
"4011471","수원","컨버스 스타필드 수원점","이름에 '컨버스'"
"4011485","수원","아디다스 스타필드 수원점","이름에 '아디다스'"
"4011530","시흥","아디다스 신세계사이먼프리미엄아울렛 시흥점","이름에 '아디다스'"
"4011590","서울","탑텐키즈 스타필드 코엑스몰점","이름에 '탑텐'"
"4011596","서울","스파오 스타필드 코엑스몰점","이름에 '스파오'"
"4011638","안성","아디다스키즈 스타필드 안성점","이름에 '아디다스'"
"4011671","안양","아디다스 롯데백화점 평촌점","이름에 '아디다스'"
"4011694","서울","나이키 롯데백화점 미아점","이름에 '나이키'"
"4011699","서울","탑텐 롯데백화점 미아점","이름에 '탑텐'"
"4011747","서울","유니클로 롯데백화점 관악점","이름에 '유니클로'"
"4011758","서울","아트박스 타임스트림점","이름에 '아트박스'"
"4011759","서울","아디다스 퍼포먼스 타임스트림점","이름에 '아디다스'"
"4011823","용인","뉴발란스키즈 롯데프리미엄아울렛 기흥점","이름에 '뉴발란스'"
"4011824","서울","아디다스 현대아울렛 가산점","이름에 '아디다스'"
"4011849","서울","아디다스 퍼포먼스 롯데백화점 노원점","이름에 '아디다스'"
"4011860","의왕","나이키골프 롯데프리미엄아울렛 의왕점","이름에 '나이키'"
"4011869","의왕","아디다스 롯데프리미엄아울렛 의왕점","이름에 '아디다스'"
"4011874","의왕","나이키 롯데프리미엄아울렛 의왕점","이름에 '나이키'"
"4011912","이천","아디다스 롯데프리미엄아울렛 이천점","이름에 '아디다스'"
"4011920","이천","탑텐키즈 롯데프리미엄아울렛 이천점","이름에 '탑텐'"
"4011921","파주","아디다스 롯데프리미엄아울렛 파주점","이름에 '아디다스'"
"4011928","파주","뉴발란스키즈 롯데프리미엄아울렛 파주점","이름에 '뉴발란스'"
"4011931","파주","탑텐 롯데프리미엄아울렛 파주점","이름에 '탑텐'"
"4012025","남양주","아디다스 현대프리미엄아울렛 스페이스원점","이름에 '아디다스'"
"4012052","김해","ABC마트 ST 롯데프리미엄아울렛 김해점","이름에 'ABC마트'"
"4012058","부천","아디다스 퍼포먼스 롯데백화점 중동점","이름에 '아디다스'"
"4012062","부천","아디다스 오리지널스 롯데백화점 중동점","이름에 '아디다스'"
"4012092","김해","아디다스 롯데프리미엄아울렛 김해점","이름에 '아디다스'"
"4012245","대구","미즈노 롯데아울렛 대구율하점","이름에 '미즈노'"
"4012350","부산","뉴발란스키즈 롯데프리미엄아울렛 동부산점","이름에 '뉴발란스'"
"4012353","부산","나이키키즈 롯데프리미엄아울렛 동부산점","이름에 '나이키'"
"4012371","부산","나이키골프 롯데프리미엄아울렛 동부산점","이름에 '나이키'"
"4012451","서울","나이키 현대아울렛 가든파이브점","이름에 '나이키'"
"4012481","화성","아디다스 퍼포먼스 롯데백화점 동탄점","이름에 '아디다스'"
"4012546","서울","나이키 메세나폴리스점","이름에 '나이키'"
"4012624","서울","탑텐키즈 타임스퀘어점","이름에 '탑텐'"
"4012691","서울","아디다스 퍼포먼스 롯데몰 은평점","이름에 '아디다스'"
"4012858","울산","아디다스 모다아울렛 울산점","이름에 '아디다스'"
"4012885","인천","유니클로 부평역사점","이름에 '유니클로'"
"4012886","인천","올리브영 부평역점","이름에 '올리브영'"
"4012901","인천","아디다스골프 현대프리미엄아울렛 송도점","이름에 '아디다스'"
"4012911","인천","아디다스팩토리 현대프리미엄아울렛 송도점","이름에 '아디다스'"
"4012920","인천","슈마커플러스 스케어원점","이름에 '슈마커'"
"4013030","서울","유니클로 현대백화점 신촌점 유플렉스","이름에 '유니클로'"
"4013076","서울","아트박스 강남엔터식스점","이름에 '아트박스'"
"4013159","서울","컨버스 롯데백화점 잠실점","이름에 '컨버스'"
"4013165","서울","나이키 롯데백화점 잠실점","이름에 '나이키'"
"4013283","청주","아디다스 롯데아울렛 청주점","이름에 '아디다스'"
"4025132","고양","미즈노 롯데아울렛 고양터미널점","이름에 '미즈노'"
"4025287","고양","아디다스 퍼포먼스 롯데백화점 일산점","이름에 '아디다스'"
"4025298","광명","미즈노 롯데몰 광명점","이름에 '미즈노'"
"4025322","김포","ABC마트 SP 현대프리미엄아울렛 김포점","이름에 'ABC마트'"
"4025362","부천","다이소 스타필드 시티 부천점","이름에 '다이소'"
"4025363","부천","스파오 스타필드 시티 부천점","이름에 '스파오'"
"4025406","수원","아디다스 롯데몰 광교점","이름에 '아디다스'"
"4025472","안성","다이소 스타필드 안성점","이름에 '다이소'"
"4025478","용인","ABC마트 KM 롯데몰 수지점","이름에 'ABC마트'"
"4025548","서울","나이키 홍대점","이름에 '나이키'"
"4026122","서울","유니클로 던던 동대문점","이름에 '유니클로'"
"4026123","서울","다이소 던던 동대문점","이름에 '다이소'"
"4026265","용인","유니클로 롯데몰 수지점","이름에 '유니클로'"
"4026268","용인","아디다스 롯데몰 수지점","이름에 '아디다스'"
"4026311","파주","미즈노 롯데프리미엄아울렛 파주점","이름에 '미즈노'"
"4026372","화성","ABC마트 KM 동탄레이크꼬모점","이름에 'ABC마트'"
"4026373","화성","ABC마트 ST 동탄레이크꼬모점","이름에 'ABC마트'"
"4026489","대구","아트박스 대구월성점","이름에 '아트박스'"
"4026976","대전","나이키 유나이트 현대프리미엄아울렛 대전점","이름에 '나이키'"
"4027022","부산","미즈노 롯데프리미엄아울렛 동부산점","이름에 '미즈노'"
"4027025","부산","아트박스 롯데프리미엄아울렛 동부산점","이름에 '아트박스'"
"4027078","서울","컨버스 타임스트림점","이름에 '컨버스'"
"4027079","서울","ABC마트 ST 타임스트림점","이름에 'ABC마트'"
"4027080","서울","나이키 타임스트림점","이름에 '나이키'"
"4027219","서울","ABC마트 GS 아이파크몰 용산점","이름에 'ABC마트'"
"4027221","서울","나이키 아이파크몰 용산점","이름에 '나이키'"
"4027223","서울","다이소 아이파크몰 용산점","이름에 '다이소'"
"4027228","서울","ABC마트 GS 롯데몰 은평점","이름에 'ABC마트'"
"4027232","서울","ABC마트 KM 롯데몰 은평점","이름에 'ABC마트'"
"4027276","서울","CU 명동역점","이름에 'CU'"
"4027346","인천","다이소 송도트리플스트리트점","이름에 '다이소'"
"4027361","인천","ABC마트 GS 인천스퀘어원점","이름에 'ABC마트'"
"4027362","인천","ABC마트 KM 인천스퀘어원점","이름에 'ABC마트'"
"4027365","인천","ABC마트 ST LF스퀘어 인천점","이름에 'ABC마트'"
"4027398","전주","ABC마트 GS 전주객사점","이름에 'ABC마트'"
"4027411","서울","아트박스 AK플라자 홍대점","이름에 '아트박스'"
"2893947","서울","뉴발란스 대학로점","이름에 '뉴발란스'"
"2894089","서울","뉴발란스 명동점","이름에 '뉴발란스'"
"2895301","서울","아디다스 강남브랜드센터","이름에 '아디다스'"
"2901219","인천","유니클로 스케어원점","이름에 '유니클로'"
"2901472","서울","유니클로 현대아울렛 가든파이브점","이름에 '유니클로'"
"2901569","김포","유니클로 김포장기점","이름에 '유니클로'"
"2901697","부산","뉴발란스 롯데프리미엄아울렛 동부산점","이름에 '뉴발란스'"
"2901776","서울","탑텐 스타필드 코엑스몰점","이름에 '탑텐'"
"2902411","서울","나이키 롯데월드몰점","이름에 '나이키'"
"2903278","천안","유니클로 천안구성점","이름에 '유니클로'"
"2903439","부천","ABC마트 SE 스타필드 시티 부천점","이름에 'ABC마트'"
"2904971","성남","아트박스 서현점","이름에 '아트박스'"
"2904989","파주","나이키골프 롯데프리미엄아울렛 파주점","이름에 '나이키'"
"2905553","구리","유니클로 롯데백화점 구리점","이름에 '유니클로'"
"2906039","부산","올리브영 서면역사점","이름에 '올리브영'"
"2906223","부산","유니클로 롯데프리미엄아울렛 동부산점","이름에 '유니클로'"
"2906227","서울","유니클로 롯데백화점 노원점","이름에 '유니클로'"
"2907143","창원","유니클로 롯데백화점 창원점","이름에 '유니클로'"
"2907203","구리","나이키 롯데백화점 구리점","이름에 '나이키'"
"2907208","고양","스파오 스타필드 고양점","이름에 '스파오'"
"2907411","안양","유니클로 롯데백화점 평촌점","이름에 '유니클로'"
"2907527","수원","아트박스 수원역점","이름에 '아트박스'"
"2908672","인천","아트박스 부평역사점","이름에 '아트박스'"
"2909062","부천","나이키 롯데백화점 중동점","이름에 '나이키'"
"2909454","서울","유니클로 롯데몰 은평점","이름에 '유니클로'"
"2910024","의정부","스파오 의정부점","이름에 '스파오'"
"2910064","제주","나이키골프 제주점","이름에 '나이키'"
"2910381","서울","나이키 롯데백화점 강남점","이름에 '나이키'"
"2910692","서울","아디다스오리지널 신세계백화점 타임스퀘어점","이름에 '아디다스'"
"2910809","서울","유니클로 롯데월드몰점","이름에 '유니클로'"
"2911330","부산","다이소 부산서면2호점","이름에 '다이소'"
"2911460","부산","다이소 부산서면점","이름에 '다이소'"
"2911519","고양","올리브영 라페스타사거리점","이름에 '올리브영'"
"2911643","안양","탑텐 롯데백화점 평촌점","이름에 '탑텐'"
"2911846","안양","나이키 롯데백화점 평촌점","이름에 '나이키'"
"2911914","서울","레몬마트","이름이 '마트'로 끝남"
"2912267","서울","뉴발란스 현대아울렛 동대문점","이름에 '뉴발란스'"
"2912485","대전","ABC마트 GS 대전은행점","이름에 'ABC마트'"
"2912567","안산","나이키 롯데백화점 안산점","이름에 '나이키'"
"2912726","성남","유니클로 롯데백화점 분당점","이름에 '유니클로'"
"2913090","구리","아디다스 롯데백화점 구리점","이름에 '아디다스'"
"2913945","청주","ABC마트 GS 청주성안점","이름에 'ABC마트'"
"2914012","수원","나이키 타임빌라스 수원점","이름에 '나이키'"
"2914157","인천","나이키골프 현대프리미엄아울렛 송도점","이름에 '나이키'"
"2915119","부여","뉴발란스 롯데아울렛 부여점","이름에 '뉴발란스'"
"2915156","김해","아디다스골프 롯데프리미엄아울렛 김해점","이름에 '아디다스'"
"2915568","이천","아트박스 이천점","이름에 '아트박스'"
"2916068","인천","나이키 스퀘어원점","이름에 '나이키'"
"2916312","수원","유니클로 타임빌라스 수원점","이름에 '유니클로'"
"2916384","서울","아트박스 강남점","이름에 '아트박스'"
"2917160","서울","유니클로 스타필드 코엑스몰점","이름에 '유니클로'"
"2918002","서울","아디다스 현대백화점 무역센터점","이름에 '아디다스'"
"2918186","의정부","유니클로 신세계백화점 의정부점","이름에 '유니클로'"
"2918266","부산","올리브영 해운대중동점","이름에 '올리브영'"
"2918408","서울","유니클로 롯데백화점 강남점","이름에 '유니클로'"
"2918645","수원","아트박스 수원인계점","이름에 '아트박스'"
"2918727","서울","유니클로 현대백화점 목동점","이름에 '유니클로'"
"2918734","고양","나이키 스타필드 고양점","이름에 '나이키'"
"2922496","파주","뉴발란스 롯데프리미엄아울렛 파주점","이름에 '뉴발란스'"
"2922879","부산","나이키 신세계사이먼프리미엄아울렛 부산점","이름에 '나이키'"
"2922905","의정부","아트박스 의정부점","이름에 '아트박스'"
"2922981","안동","유니클로 안동점","이름에 '유니클로'"
"2923089","안양","컨버스 롯데백화점 평촌점","이름에 '컨버스'"
"2923104","안양","뉴발란스 롯데백화점 평촌점","이름에 '뉴발란스'"
"2923641","서울","아디다스 롯데백화점 강남점","이름에 '아디다스'"
"2924058","파주","나이키 롯데프리미엄아울렛 파주점","이름에 '나이키'"
"2924329","울산","아트박스 울산성남점","이름에 '아트박스'"
"2924431","용인","아트박스 용인중앙점","이름에 '아트박스'"
"2924437","서울","유니클로 롯데백화점 미아점","이름에 '유니클로'"
"2924526","서울","올리브영 마포역점","이름에 '올리브영'"
"2924636","제주","아디다스 제주점","이름에 '아디다스'"
"2924653","서울","아디다스 오리지널스 롯데월드몰점","이름에 '아디다스'"
"2924680","안산","뉴발란스키즈 롯데백화점 안산점","이름에 '뉴발란스'"
"2925108","안산","아디다스 롯데백화점 안산점","이름에 '아디다스'"
"2925601","서울","아디다스 롯데백화점 김포공항점","이름에 '아디다스'"
"2925734","부산","아디다스골프 롯데프리미엄아울렛 동부산점","이름에 '아디다스'"
"2925776","인천","유니클로 롯데백화점 인천점","이름에 '유니클로'"
"2925780","창원","아디다스 신세계백화점 마산점","이름에 '아디다스'"
"2926105","부산","ABC마트 롯데프리미엄아울렛 동부산점","이름에 'ABC마트'"
"2927708","인천","아디다스 현대프리미엄아울렛 송도점","이름에 '아디다스'"
"2927917","서울","ABC마트 GS 스타필드 코엑스몰점","이름에 'ABC마트'"
"2928122","서울","나이키골프 현대아울렛 가든파이브점","이름에 '나이키'"
"2928289","부천","유니클로 스타필드 시티 부천점","이름에 '유니클로'"
"2928471","부산","컨버스 롯데프리미엄아울렛 동부산점","이름에 '컨버스'"
"2928809","고양","스파오 뉴코아아울렛 일산점","이름에 '스파오'"
"2929051","고양","아트박스 일산라페스타점","이름에 '아트박스'"
"2929194","부산","다이소 부산남포점","이름에 '다이소'"
"2929386","서울","스파오 신촌점","이름에 '스파오'"
"2929745","안양","나이키골프 롯데백화점 평촌점","이름에 '나이키'"
"2929945","인천","ABC마트 GS 송도 트리플스트리트점","이름에 'ABC마트'"
"2930291","부산","뉴발란스 광복점","이름에 '뉴발란스'"
"2930306","부산","나이키 롯데프리미엄아울렛 동부산점","이름에 '나이키'"
"2930389","전주","유니클로 전주효자점","이름에 '유니클로'"
"2930434","서울","유니클로 롯데백화점 김포공항점","이름에 '유니클로'"
"2930446","서울","나이키 롯데백화점 김포공항점","이름에 '나이키'"
"2930548","고양","아트박스 스타필드 고양점","이름에 '아트박스'"
"2930581","고양","아디다스 스타필드 고양점","이름에 '아디다스'"
"2930583","고양","ABC마트 GS 스타필드 고양점","이름에 'ABC마트'"
"2930772","서울","아트박스 대치점","이름에 '아트박스'"
"2930798","부산","나이키 서면2점","이름에 '나이키'"
"2930886","하남","탑텐 스타필드 하남점","이름에 '탑텐'"
"2931025","서울","올리브영 등촌점","이름에 '올리브영'"
"2931337","고양","스파오 원마운트점","이름에 '스파오'"
"2931371","인천","아트박스 스퀘어원점","이름에 '아트박스'"
"2931382","서울","나이키 올림픽점","이름에 '나이키'"
"2931422","부천","뉴발란스 스타필드 시티 부천점","이름에 '뉴발란스'"
"2931429","김해","탑텐 롯데프리미엄아울렛 김해점","이름에 '탑텐'"
"2931561","성남","나이키 롯데백화점 분당점","이름에 '나이키'"
"2931563","대구","유니클로 대구감삼점","이름에 '유니클로'"
"2931673","인천","뉴발란스 현대프리미엄아울렛 송도점","이름에 '뉴발란스'"
"3305317","서울","올리브영 중랑점","이름에 '올리브영'"
"3305334","서울","ABC마트 MS 노원점","이름에 'ABC마트'"
"3305376","서울","컨버스 EXIT홍대점","이름에 '컨버스'"
"3305425","서귀포","CU 제주신화빌라스점","이름에 'CU'"
"3305438","대전","CU 장대중앙점","이름에 'CU'"
"3305490","안양","탑텐키즈 뉴코아아울렛 평촌점","이름에 '탑텐'"
"3305548","고양","아디다스 현대백화점 킨텍스점","이름에 '아디다스'"
"3305614","서울","아디다스 골프 신세계백화점 타임스퀘어점","이름에 '아디다스'"
"3305786","서귀포","GS25 서귀오션점","이름에 'GS25'"
"3305806","남양주","유니클로 남양주화도점","이름에 '유니클로'"
"3305840","서울","ABC마트 현대아울렛 동대문점","이름에 'ABC마트'"
"3305860","서울","GS25 노고산본점","이름에 'GS25'"
"3305904","안양","아디다스 뉴코아아울렛 평촌점","이름에 '아디다스'"
"3305950","서울","GS25 강남쥬비스점","이름에 'GS25'"
"3306089","안양","뉴발란스 뉴코아아울렛 평촌점","이름에 '뉴발란스'"
"3306116","서울","GS25 삼성한울점","이름에 'GS25'"
"3306218","서울","CU 마포아이비점","이름에 'CU'"
"3306240","구미","아트박스 구미점","이름에 '아트박스'"
"3306279","청주","CU 청주복대죽전점","이름에 'CU'"
"3306280","서울","나이키스윔 신세계백화점 타임스퀘어점","이름에 '나이키'"
"3306296","천안","CU 천안성정중앙점","이름에 'CU'"
"3306406","서울","GS25 청담중앙점","이름에 'GS25'"
"3306465","서울","아트박스 잠실새내점","이름에 '아트박스'"
"3306500","부산","컨버스 롯데백화점 부산본점","이름에 '컨버스'"
"3306780","부천","올리브영 부천역남부점","이름에 '올리브영'"
"3306782","군포","스파오 키즈 뉴코아아울렛 산본점","이름에 '스파오'"
"3306830","서울","탑텐키즈 현대아울렛 동대문점","이름에 '탑텐'"
"3306883","부산","CU 동서대2호점","이름에 'CU'"
"3307045","안양","ABC마트 ST 뉴코아아울렛 평촌점","이름에 'ABC마트'"
"3307182","광주","올리브영 경기광주점","이름에 '올리브영'"
"3307192","대구","컨버스 동성로점","이름에 '컨버스'"
"3307538","부산","CU 장전온천천로점","이름에 'CU'"
"3556879","구미","스파오 구미문화로점","이름에 '스파오'"
"4009562","군산","뉴발란스 롯데몰 군산점","이름에 '뉴발란스'"
"4009563","군산","아디다스 롯데몰 군산점","이름에 '아디다스'"
"4010498","하남","ABC마트 GS 스타필드 하남점","이름에 'ABC마트'"
"4010515","하남","탑텐키즈 스타필드 하남점","이름에 '탑텐'"
"4010524","고양","유니클로 스타필드 고양점","이름에 '유니클로'"
"4010551","하남","유니클로 스타필드 하남점","이름에 '유니클로'"
"4010561","하남","아트박스 스타필드 하남점","이름에 '아트박스'"
"4010643","고양","유니클로 롯데백화점 일산점","이름에 '유니클로'"
"4011042","김해","아트박스 김해외동점","이름에 '아트박스'"
"4011044","광명","유니클로 롯데몰 광명점","이름에 '유니클로'"
"4011395","서울","나이키골프 도곡점","이름에 '나이키'"
"4011405","수원","유니클로 롯데몰 광교점","이름에 '유니클로'"
"4011466","수원","유니클로 스타필드 수원점","이름에 '유니클로'"
"4011472","수원","ABC마트 GS 스타필드 수원점","이름에 'ABC마트'"
"4011648","안성","유니클로 스타필드 안성점","이름에 '유니클로'"
"4011656","안성","아트박스 안성중앙점","이름에 '아트박스'"
"4011689","안양","아트박스 안양엔터식스점","이름에 '아트박스'"
"4011703","여주","미즈노 프리미엄빌리지 여주점","이름에 '미즈노'"
"4011710","서울","ABC마트 SE NC백화점 강서점","이름에 'ABC마트'"
"4011741","서울","아트박스 낙성대점","이름에 '아트박스'"
"4011764","서울","아트박스 구의점","이름에 '아트박스'"
"4011790","오산","아트박스 오산점","이름에 '아트박스'"
"4011819","용인","탑텐키즈 롯데프리미엄아울렛 기흥점","이름에 '탑텐'"
"4011842","서울","아트박스 노원점","이름에 '아트박스'"
"4011855","용인","유니클로 스타필드마켓 죽전점","이름에 '유니클로'"
"4011882","서울","아트박스 중계점","이름에 '아트박스'"
"4011913","이천","아디다스골프 롯데프리미엄아울렛 이천점","이름에 '아디다스'"
"4011952","파주","유니클로 롯데프리미엄아울렛 파주점","이름에 '유니클로'"
"4012020","남양주","ABC마트 SE 현대프리미엄아울렛 스페이스원점","이름에 'ABC마트'"
"4012045","김해","아트박스 김해율하점","이름에 '아트박스'"
"4012155","창원","아트박스 마산경남대점","이름에 '아트박스'"
"4012161","창원","아트박스 마산합성점","이름에 '아트박스'"
"4012197","포항","유니클로 포항해도점","이름에 '유니클로'"
"4012236","대구","슈마커 대구성서점","이름에 '슈마커'"
"4012345","부산","아트박스 부산대점","이름에 '아트박스'"
"4012480","화성","유니클로 롯데백화점 동탄점","이름에 '유니클로'"
"4012486","서울","아트박스 경희대점","이름에 '아트박스'"
"4012492","서울","아트박스 중앙대점","이름에 '아트박스'"
"4012627","서울","미즈노 타임스퀘어점","이름에 '미즈노'"
"4012694","서울","슈마커플러스 대학로점","이름에 '슈마커'"
"4013075","서울","ABC마트 MS 강남엔터식스점","이름에 'ABC마트'"
"4013129","서울","아트박스 안암점","이름에 '아트박스'"
"4024891","강릉","아디다스 강릉OFS점","이름에 '아디다스'"
"4024896","강릉","CU 경포하나점","이름에 'CU'"
"4024904","동해","CU 동해평릉점","이름에 'CU'"
"4024921","속초","CU 속초외옹치점","이름에 'CU'"
"4025025","평창","CU 면온나래점","이름에 'CU'"
"4025026","홍천","CU 홍천비발디타운점","이름에 'CU'"
"4025289","고양","아트박스 탄현점","이름에 '아트박스'"
"4025295","광명","아트박스 AK플라자 광명점","이름에 '아트박스'"
"4025367","부천","아트박스 부천상동점","이름에 '아트박스'"
"4025373","부천","ABC마트 SE 뉴코아아울렛 부천점","이름에 'ABC마트'"
"4025389","성남","ABC마트 ST 성남신흥점","이름에 'ABC마트'"
"4025418","수원","아트박스 영통점","이름에 '아트박스'"
"4025426","수원","스파오 스타필드 수원점","이름에 '스파오'"
"4025440","수원","스파오 AK플라자 수원점","이름에 '스파오'"
"4025460","안산","ABC마트 GS 안산중앙역점","이름에 'ABC마트'"
"4025466","안성","아디다스 스타필드 안성점","이름에 '아디다스'"
"4025488","용인","CU 용인전대로점","이름에 'CU'"
"4025538","서울","세븐일레븐 동교다온점","이름에 '세븐일레븐'"
"4025561","서울","GS25 서대문창천점","이름에 'GS25'"
"4025577","서울","CU 스위스그랜드호텔점","이름에 'CU'"
"4025579","서울","CU 서대문연희점","이름에 'CU'"
"4025593","서울","스파오 강남2호점","이름에 '스파오'"
"4025722","서울","세븐일레븐 한양본점","이름에 '세븐일레븐'"
"4025792","서울","아디다스 오리지널스 플래그십 성수","이름에 '아디다스'"
"4025817","서울","나이키 송파점","이름에 '나이키'"
"4025821","서울","GS25 잠실2점","이름에 'GS25'"
"4025834","서울","CU 광화문광장점","이름에 'CU'"
"4025930","서울","GS25 종로동묘점","이름에 'GS25'"
"4026003","서울","컨버스 명동7길점","이름에 '컨버스'"
"4026020","서울","ABC마트 GS 명동중앙점","이름에 'ABC마트'"
"4026201","안성","아트박스 스타필드 안성점","이름에 '아트박스'"
"4026280","의정부","아트박스 의정부민락점","이름에 '아트박스'"
"4026333","파주","나이키 유나이트 롯데프리미엄아울렛 파주점","이름에 '나이키'"
"4026337","파주","아디다스골프 롯데프리미엄아울렛 파주점","이름에 '아디다스'"
"4026349","포천","ABC마트 ST 포천송우리점","이름에 'ABC마트'"
"4026352","하남","아트박스 하남미사점","이름에 '아트박스'"
"4026368","하남","ABC마트 SE 스타필드 시티 위례점","이름에 'ABC마트'"
"4026420","경주","ABC마트 ST 경주노동점","이름에 'ABC마트'"
"4026422","경주","ABC마트 ST 경주천북점","이름에 'ABC마트'"
"4026438","포항","CU 두호점","이름에 'CU'"
"4026439","포항","탑텐 포항장성점","이름에 '탑텐'"
"4026451","포항","탑텐 포항해도점","이름에 '탑텐'"
"4026488","대구","아트박스 대구성서점","이름에 '아트박스'"
"4026490","대구","아트박스 대구테크노폴리스점","이름에 '아트박스'"
"4026557","대구","아트박스 반월당역사점","이름에 '아트박스'"
"4026598","부산","아디다스 신세계 센텀시티몰점","이름에 '아디다스'"
"4026618","서울","스파오 강남점","이름에 '스파오'"
"4026667","서울","이마트24 청담본점","이름에 '이마트24'"
"4026760","서울","CU 삼성1호점","이름에 'CU'"
"4026767","서울","아트박스 수유점","이름에 '아트박스'"
"4026792","전주","나이키 전주효자점","이름에 '나이키'"
"4026819","서귀포","아트박스 서귀포점","이름에 '아트박스'"
"4026837","제주","ABC마트 GS 제주본점","이름에 'ABC마트'"
"4026846","제주","CU 도두항점","이름에 'CU'"
"4026863","제주","ABC마트 SP 제주시청점","이름에 'ABC마트'"
"4026893","천안","ABC마트 ST 천안신부점","이름에 'ABC마트'"
"4026901","천안","아트박스 천안불당점","이름에 '아트박스'"
"4026905","괴산","CU 괴산동부점","이름에 'CU'"
"4026906","단양","CU 단양스타점","이름에 'CU'"
"4026915","청주","CU 청주우암대박점","이름에 'CU'"
"4026924","청주","CU 청주비하효성점","이름에 'CU'"
"4026928","청주","CU 하복대2호점","이름에 'CU'"
"4026929","충주","아트박스 충주점","이름에 '아트박스'"
"4026954","대전","아트박스 대전가수원점","이름에 '아트박스'"
"4026970","대전","CU 유성라마다점","이름에 'CU'"
"4027054","부산","이마트24 초량상해점","이름에 '이마트24'"
"4027084","서울","세븐일레븐 건대예술점","이름에 '세븐일레븐'"
"4027091","서울","유니클로 아이파크몰 고척점","이름에 '유니클로'"
"4027105","서울","CU 제기한신점","이름에 'CU'"
"4027112","서울","CU 숭실대점","이름에 'CU'"
"4027172","서울","대흥할인마트","이름이 '마트'로 끝남"
"4027188","서울","세븐일레븐 이태원2호점","이름에 '세븐일레븐'"
"4027230","서울","스파오 롯데몰 은평점","이름에 '스파오'"
"4027237","서울","탑텐 대학로점","이름에 '탑텐'"
"4027238","서울","ABC마트 ST 대학로점","이름에 'ABC마트'"
"4027251","서울","아디다스 북촌헤리티지스토어","이름에 '아디다스'"
"4027274","서울","세븐일레븐 서대문역점","이름에 '세븐일레븐'"
"4027278","서울","이마트24 R명동역점","이름에 '이마트24'"
"4027281","서울","CU 남산회현점","이름에 'CU'"
"4027317","인천","나이키 계산점","이름에 '나이키'"
"4027334","인천","ABC마트 SP 인천부평점","이름에 'ABC마트'"
"4027347","인천","CU 송도해모로점","이름에 'CU'"
"4027359","인천","아트박스 인천송도점","이름에 '아트박스'"
"4027363","인천","나이키 LF스퀘어 인천점","이름에 '나이키'"
"4027391","전주","나이키 전주송천동점","이름에 '나이키'"
"4027401","전주","미즈노 전주객사점","이름에 '미즈노'"
"4027403","전주","컨버스 전주객사점","이름에 '컨버스'"
"2903122","춘천","뉴발란스 춘천점","이름에 '뉴발란스'"
"2904075","여주","나이키골프 신세계사이먼프리미엄아울렛 여주점","이름에 '나이키'"
"2904386","파주","뉴발란스 신세계사이먼프리미엄아울렛 파주점","이름에 '뉴발란스'"
"2905520","강릉","유니클로 강릉포남점","이름에 '유니클로'"
"2906210","인천","유니클로 현대프리미엄아울렛 송도점","이름에 '유니클로'"
"2906354","춘천","아트박스 춘천점","이름에 '아트박스'"
"2907028","용인","나이키 롯데몰 수지점","이름에 '나이키'"
"2908698","강릉","나이키 강릉점","이름에 '나이키'"
"2909858","서울","아디다스 오리지널스 명동","이름에 '아디다스'"
"2911568","파주","아디다스 신세계사이먼프리미엄아울렛 파주점","이름에 '아디다스'"
"2912460","서울","탑텐키즈 롯데월드몰점","이름에 '탑텐'"
"2914845","서울","나이키 문정점","이름에 '나이키'"
"2916457","제주","아트박스 제주연동점","이름에 '아트박스'"
"2917459","원주","유니클로 원주점","이름에 '유니클로'"
"2918624","춘천","슈마커 춘천점","이름에 '슈마커'"
"2922771","대구","유니클로 대구신매점","이름에 '유니클로'"
"2924373","대구","유니클로 신세계백화점 대구점","이름에 '유니클로'"
"2924789","서울","아디다스 오리지널스 스타필드 코엑스몰점","이름에 '아디다스'"
"2927204","이천","나이키 롯데프리미엄아울렛 이천점","이름에 '나이키'"
"2930321","강릉","뉴발란스 강릉점","이름에 '뉴발란스'"
"2930385","이천","ABC마트 ST 롯데프리미엄아울렛 이천점","이름에 'ABC마트'"
"2930631","군포","유니클로 롯데피트인 산본점","이름에 '유니클로'"
"2930763","이천","유니클로 롯데프리미엄아울렛 이천점","이름에 '유니클로'"
"2930809","여주","나이키 신세계사이먼프리미엄아울렛 여주점","이름에 '나이키'"
"2930903","용인","유니클로 구성점","이름에 '유니클로'"
"2930937","파주","나이키골프 신세계사이먼프리미엄아울렛 파주점","이름에 '나이키'"
"2930973","서울","나이키 두타몰점","이름에 '나이키'"
"2931217","이천","뉴발란스 롯데프리미엄아울렛 이천점","이름에 '뉴발란스'"
"3305437","서울","스파오키즈 2001아울렛 중계점","이름에 '스파오'"
"3305829","춘천","유니클로 엠백화점 춘천점","이름에 '유니클로'"
"3306717","서울","아디다스키즈 2001아울렛 중계점","이름에 '아디다스'"
"3307628","춘천","스파오 모다아울렛 춘천점","이름에 '스파오'"
"4009581","전주","나이키 전주제일점","이름에 '나이키'"
"4009582","전주","폴더 전주객사점","이름에 '폴더'"
"4010351","원주","아트박스 원주무실점","이름에 '아트박스'"
"4010365","춘천","스파오 춘천점","이름에 '스파오'"
"4010624","고양","나이키 롯데아울렛 고양터미널점","이름에 '나이키'"
"4011070","부산","아트박스 부산사직점","이름에 '아트박스'"
"4011077","군포","아트박스 산본역사점","이름에 '아트박스'"
"4011156","부산","유니클로 부산 삼정타워점","이름에 '유니클로'"
"4011207","부산","아트박스 부산덕천점","이름에 '아트박스'"
"4011221","김포","아트박스 김포구래점","이름에 '아트박스'"
"4011278","성남","ABC마트 GS AK플라자 분당점","이름에 'ABC마트'"
"4011284","성남","유니클로 이마트 성남점","이름에 '유니클로'"
"4011410","수원","아트박스 광교아브뉴프랑점","이름에 '아트박스'"
"4012038","동두천","아트박스 동두천점","이름에 '아트박스'"
"4012077","성남","아트박스 판교아브뉴프랑점","이름에 '아트박스'"
"4012259","대구","유니클로 대구 수성점","이름에 '유니클로'"
"4012280","대전","아트박스 대전터미널점","이름에 '아트박스'"
"4012287","대전","아트박스 대전시청점","이름에 '아트박스'"
"4012766","서울","아트박스 명동중앙점","이름에 '아트박스'"
"4012840","서울","유니클로 홈플러스 상봉점","이름에 '유니클로'"
"4012848","울산","아트박스 울산삼산점","이름에 '아트박스'"
"4012865","인천","아트박스 작전역사점","이름에 '아트박스'"
"4012980","전주","아트박스 전북대점","이름에 '아트박스'"
"4012992","전주","슈마커 플러스 전주객사점","이름에 '슈마커'"
"4013224","제주","ABC마트 GSA 신제주연동점","이름에 'ABC마트'"
"4013226","제주","GS25 연동서강점","이름에 'GS25'"
"4013261","서산","유니클로 서산점","이름에 '유니클로'"
"4025114","고양","아트박스 일산백마점","이름에 '아트박스'"
"4025315","군포","유니클로 AK플라자 금정점","이름에 '유니클로'"
"4025370","부천","아트박스 부천중동점","이름에 '아트박스'"
"4025387","성남","나이키 성남신흥점","이름에 '나이키'"
"4025388","성남","아트박스 성남신흥점","이름에 '아트박스'"
"4025836","서울","CU 성대원룸촌점","이름에 'CU'"
"4025987","서울","세븐일레븐 무교3호점","이름에 '세븐일레븐'"
"4026111","서울","GS25 을지로3가점","이름에 'GS25'"
"4026205","안양","아트박스 범계역점","이름에 '아트박스'"
"4026236","용인","나이키 AK& 기흥점","이름에 '나이키'"
"4026344","평택","아트박스 평택중앙점","이름에 '아트박스'"
"4026538","대구","아트박스 대구칠곡점","이름에 '아트박스'"
"4026540","대구","아트박스 대구범어점","이름에 '아트박스'"
"4026563","대구","ABC마트 SP 대구동성로점","이름에 'ABC마트'"
"4026579","부산","아트박스 부산화명점","이름에 '아트박스'"
"4026580","부산","나이키 덕천타워점","이름에 '나이키'"
"4026583","부산","나이키 애플아울렛 부산점","이름에 '나이키'"
"4026731","서울","나이키골프 압구정 프리미엄점","이름에 '나이키'"
"4026838","제주","GS25 제주노형점","이름에 'GS25'"
"4026858","제주","CU 제주연오로점","이름에 'CU'"
"4026891","아산","아트박스 아산탕정역점","이름에 '아트박스'"
"4027075","부산","아트박스 서면역사점","이름에 '아트박스'"
"4027111","서울","아트박스 이수역점","이름에 '아트박스'"
"4027296","세종","나이키 AK플라자 세종점","이름에 '나이키'"
"4027333","인천","아트박스 인천삼산점","이름에 '아트박스'"
"4027386","익산","아트박스 익산점","이름에 '아트박스'"
"4027397","전주","스파오 이스퀘어 전주객사점","이름에 '스파오'"
"4027414","서울","CU 홍대한벗점","이름에 'CU'"
"2928147","원주","나이키 원주타운점","이름에 '나이키'"
"2928864","경산","아트박스 경산하양점","이름에 '아트박스'"
"2930440","강릉","아디다스 강릉점","이름에 '아디다스'"
"3306928","안양","뉴발란스키즈 뉴코아아울렛 평촌점","이름에 '뉴발란스'"
"4010311","속초","나이키 속초점","이름에 '나이키'"
"4012275","대구","슈마커플러스 대구동성로점","이름에 '슈마커'"
"4026872","제주","다이소 제주함덕점","이름에 '다이소'"
"4026871","제주","다이소 제주연동본점","이름에 '다이소'"
"4026870","제주","다이소 제주애월점","이름에 '다이소'"
"4026862","제주","다이소 제주시청점","이름에 '다이소'"
"2893839","제주","아디다스키즈 제주점","이름에 '아디다스'"
"2894796","부산","ABC마트 ST 부산경성대점","이름에 'ABC마트'"
"2900956","서귀포","ABC마트 ST 서귀포점","이름에 'ABC마트'"
"2901510","서울","다이소 명동본점","이름에 '다이소'"
"2901518","서울","다이소 명동역점","이름에 '다이소'"
"2901842","대구","올리브영 대구 타운","이름에 '올리브영'"
"2902230","고양","유니클로 일산덕이점","이름에 '유니클로'"
"2902499","서울","ABC마트 GS 롯데백화점 에비뉴엘 잠실점","이름에 'ABC마트'"
"2903318","서울","ABC마트 GS 두타몰점","이름에 'ABC마트'"
"2903504","울산","ABC마트 GS 업스퀘어 울산점","이름에 'ABC마트'"
"2904145","서울","올리브영 IFC몰점","이름에 '올리브영'"
"2904754","서울","나이키스윔 롯데백화점 잠실점","이름에 '나이키'"
"2905443","부산","올리브영 광복 타운","이름에 '올리브영'"
"2905447","제주","아디다스 신제주점","이름에 '아디다스'"
"2905502","김포","나이키유나이트 현대프리미엄아울렛 김포점","이름에 '나이키'"
"2905827","부산","나이키 광복2호점","이름에 '나이키'"
"2906173","천안","올리브영 천안 타운","이름에 '올리브영'"
"2906647","서울","올리브영 선릉역점","이름에 '올리브영'"
"2907084","서울","올리브영 신림타임스트림점","이름에 '올리브영'"
"2907285","제주","다이소 제주연동점","이름에 '다이소'"
"2907334","서울","올리브영 노원점","이름에 '올리브영'"
"2907739","부산","올리브영 애플아울렛 사상점","이름에 '올리브영'"
"2908821","평택","나이키 평택점","이름에 '나이키'"
"2909378","성남","올리브영 모란시장점","이름에 '올리브영'"
"2910074","서울","아디다스 롯데백화점 미아점","이름에 '아디다스'"
"2910288","청주","폴더 청주점","이름에 '폴더'"
"2910315","시흥","ABC마트 ST 신세계사이먼프리미엄아울렛 시흥점","이름에 'ABC마트'"
"2910602","청주","아트박스 청주성안길점","이름에 '아트박스'"
"2911396","서울","나이키 압구정","이름에 '나이키'"
"2911510","아산","스파오 아산점","이름에 '스파오'"
"2911570","대전","올리브영 대전 타운","이름에 '올리브영'"
"2911579","제주","올리브영 제주동문시장점","이름에 '올리브영'"
"2911647","서울","올리브영 선릉중앙점","이름에 '올리브영'"
"2912440","서울","올리브영N 성수","이름에 '올리브영'"
"2914151","부산","나이키 신세계 센텀시티몰","이름에 '나이키'"
"2914191","부산","올리브영 해운대중앙점","이름에 '올리브영'"
"2914646","성남","올리브영 모란중앙점","이름에 '올리브영'"
"2915164","서울","올리브영 신정네거리역점","이름에 '올리브영'"
"2915669","서울","아디다스 퍼포먼스 롯데아울렛 서울역점","이름에 '아디다스'"
"2916370","서울","다이소 홍대2호점","이름에 '다이소'"
"2916519","제주","아트박스 제주칠성점","이름에 '아트박스'"
"2917287","서울","올리브영 강남 타운","이름에 '올리브영'"
"2918722","부천","아트박스 부천역점","이름에 '아트박스'"
"2922494","인천","올리브영 구월 타운","이름에 '올리브영'"
"2922503","거제","유니클로 디큐브거제백화점","이름에 '유니클로'"
"2922550","서울","올리브영 보라매병원역점","이름에 '올리브영'"
"2922643","성남","아디다스 퍼포먼스 롯데백화점 분당점","이름에 '아디다스'"
"2922764","서울","올리브영 청담역점","이름에 '올리브영'"
"2922902","서울","올리브영 노량진역점","이름에 '올리브영'"
"2923056","안양","아디다스 퍼포먼스 롯데백화점 평촌점","이름에 '아디다스'"
"2923355","서울","올리브영 목동 타운","이름에 '올리브영'"
"2923422","수원","탑텐밸런스 타임빌라스 수원점","이름에 '탑텐'"
"2923582","부산","올리브영 부산역사점","이름에 '올리브영'"
"2923643","부산","올리브영 부산명지오션점","이름에 '올리브영'"
"2924345","제주","나이키 칠성로점","이름에 '나이키'"
"2924479","인천","올리브영 임학역점","이름에 '올리브영'"
"2924497","서울","ABC마트 GS 롯데백화점 김포공항점","이름에 'ABC마트'"
"2924505","서울","ABC마트 GS 현대백화점 천호점","이름에 'ABC마트'"
"2924621","인천","올리브영 부평삼산점","이름에 '올리브영'"
"2924627","대전","아트박스 대전은행동점","이름에 '아트박스'"
"2924638","서울","올리브영 구로지밸리몰점","이름에 '올리브영'"
"2924659","서울","아디다스 퍼포먼스 롯데월드몰점","이름에 '아디다스'"
"2924788","서울","아디다스 퍼포먼스 스타필드 코엑스몰점","이름에 '아디다스'"
"2925644","제주","탑텐 이마트 신제주점","이름에 '탑텐'"
"2925699","부산","올리브영 서면 타운","이름에 '올리브영'"
"2925738","제주","스파오 제주중앙로점","이름에 '스파오'"
"2926515","수원","ABC마트 GS AK플라자 수원점","이름에 'ABC마트'"
"2926710","김포","올리브영 김포구래로데오점","이름에 '올리브영'"
"2926902","서울","올리브영 합정메세나폴리스점","이름에 '올리브영'"
"2927207","서울","ABC마트 ST 현대아울렛 가산점","이름에 'ABC마트'"
"2928783","서울","ABC마트 ST 월드컵홈플러스점","이름에 'ABC마트'"
"2928862","서울","올리브영 자양역점","이름에 '올리브영'"
"2928889","울산","유니클로 울산업스퀘어점","이름에 '유니클로'"
"2928890","부천","올리브영 부천중동점","이름에 '올리브영'"
"2929014","서울","올리브영 난곡사거리점","이름에 '올리브영'"
"2929162","김해","아트박스 김해아이스퀘어몰점","이름에 '아트박스'"
"2929195","서울","올리브영 수유역점","이름에 '올리브영'"
"2929822","부산","ABC마트 MS 부산대학로점","이름에 'ABC마트'"
"2929967","대구","ABC마트 MS대구중앙로역점","이름에 'ABC마트'"
"2930121","고양","아디다스키즈 스타필드 고양점","이름에 '아디다스'"
"2930390","전주","유니클로 전주 고사점","이름에 '유니클로'"
"2930424","서울","올리브영 가로수길 타운","이름에 '올리브영'"
"2930520","전주","아트박스 전주객사점","이름에 '아트박스'"
"2930649","서울","올리브영 역삼중앙점","이름에 '올리브영'"
"2930672","서울","올리브영 압구정중앙점","이름에 '올리브영'"
"2930802","수원","유니클로 수원망포점","이름에 '유니클로'"
"2930868","청주","올리브영 청주 타운","이름에 '올리브영'"
"2931022","부산","아트박스 부산광복1호점","이름에 '아트박스'"
"2931669","제주","뉴발란스 제주점","이름에 '뉴발란스'"
"2931703","전주","올리브영 전주 타운","이름에 '올리브영'"
"2931815","고양","올리브영 원마운트점","이름에 '올리브영'"
"3305278","서울","올리브영 영등포타임스퀘어점","이름에 '올리브영'"
"3305695","고양","올리브영 스타필드마켓 일산점","이름에 '올리브영'"
"3305697","남양주","올리브영 남양주다산중앙점","이름에 '올리브영'"
"3305742","서울","다이소 신촌명물거리점","이름에 '다이소'"
"3305824","서울","뉴발란스키즈 마리오아울렛 3관점","이름에 '뉴발란스'"
"3305905","부산","올리브영 부산대점","이름에 '올리브영'"
"3306986","수원","ABC마트 SE 롯데몰 광교점","이름에 'ABC마트'"
"3307334","수원","올리브영 타임빌라스 수원점","이름에 '올리브영'"
"3307440","서울","ABC마트 ST 롯데아울렛 서울역점","이름에 'ABC마트'"
"3555690","경산","올리브영 영남대점","이름에 '올리브영'"
"3555693","경산","올리브영 경산하양점","이름에 '올리브영'"
"3555696","칠곡","올리브영 경북왜관점","이름에 '올리브영'"
"3555896","포항","올리브영 포항문덕점","이름에 '올리브영'"
"3555898","구미","올리브영 구미상모점","이름에 '올리브영'"
"3555901","김천","올리브영 김천혁신도시점","이름에 '올리브영'"
"3555906","문경","올리브영 문경시청점","이름에 '올리브영'"
"3555918","영주","올리브영 경북영주점","이름에 '올리브영'"
"3555920","포항","올리브영 포항초곡점","이름에 '올리브영'"
"3555925","경주","올리브영 경주용강점","이름에 '올리브영'"
"3555927","구미","올리브영 구미문성점","이름에 '올리브영'"
"3555929","포항","올리브영 포항터미널점","이름에 '올리브영'"
"3555937","예천","올리브영 경북도청신도시점","이름에 '올리브영'"
"3555942","경주","올리브영 경주황남점","이름에 '올리브영'"
"3555945","영천","올리브영 영천완산점","이름에 '올리브영'"
"3555948","경산","올리브영 경산정평역점","이름에 '올리브영'"
"3555951","경산","올리브영 경산하양대로점","이름에 '올리브영'"
"3555954","상주","올리브영 상주무양점","이름에 '올리브영'"
"3555957","영주","올리브영 영주가흥점","이름에 '올리브영'"
"3555960","포항","올리브영 포항대잠점","이름에 '올리브영'"
"3555976","경산","올리브영 스타필드마켓경산점","이름에 '올리브영'"
"3556023","경산","올리브영 경산사동점","이름에 '올리브영'"
"3556979","성주","올리브영 경북성주점","이름에 '올리브영'"
"4008048","부산","올리브영 커넥트현대부산점","이름에 '올리브영'"
"4008203","용인","올리브영 AK& 기흥점","이름에 '올리브영'"
"4008321","진주","올리브영 갤러리아진주점","이름에 '올리브영'"
"4008367","창원","올리브영 롯데백화점창원점","이름에 '올리브영'"
"4008370","경산","올리브영 홈플러스 경산점","이름에 '올리브영'"
"4008408","영천","올리브영 영천시청점","이름에 '올리브영'"
"4009177","서울","올리브영 롯데월드몰점","이름에 '올리브영'"
"4009668","청주","올리브영 커넥트현대 청주점","이름에 '올리브영'"
"4025557","서울","다이소 홍대입구점","이름에 '다이소'"
"4025560","서울","다이소 이대역점","이름에 '다이소'"
"4025580","서울","다이소 연희동점","이름에 '다이소'"
"4026597","부산","다이소 부산해운대점","이름에 '다이소'"
"4026606","부산","다이소 부산해운대장산본점","이름에 '다이소'"
"4026608","부산","다이소 커넥트현대 부산점","이름에 '다이소'"
"4026609","부산","다이소 부산해운대마린시티점","이름에 '다이소'"
"4026610","부산","다이소 부산센텀시티점","이름에 '다이소'"
"4026615","서울","다이소 강남본점","이름에 '다이소'"
"4026625","서울","다이소 신사역점","이름에 '다이소'"
"4026638","서울","다이소 압구정역점","이름에 '다이소'"
"4026748","서울","다이소 강남역2호점","이름에 '다이소'"
"4026750","서울","다이소 선릉점","이름에 '다이소'"
"4026768","서울","다이소 수유본점","이름에 '다이소'"
"4026775","서울","다이소 미아사거리점","이름에 '다이소'"
"4026776","서울","다이소 강북구청사거리점","이름에 '다이소'"
"4026784","서울","다이소 봉천본점","이름에 '다이소'"
"4026785","서울","다이소 서울대입구점","이름에 '다이소'"
"4027081","서울","다이소 신림점","이름에 '다이소'"
"4027090","서울","다이소 오류동점","이름에 '다이소'"
"4027106","서울","다이소 청량리역점","이름에 '다이소'"
"4027107","서울","다이소 외대역점","이름에 '다이소'"
"4027113","서울","다이소 상도점","이름에 '다이소'"
"4027116","서울","다이소 합정동점","이름에 '다이소'"
"4027406","서울","다이소 홈플러스 월드컵점","이름에 '다이소'"
"4026823","제주","다이소 제주동문시장점","이름에 '다이소'"
"4026821","제주","다이소 제주노형점","이름에 '다이소'"
"4026812","서귀포","다이소 서귀포중문점","이름에 '다이소'"
"4026810","서귀포","다이소 서귀포혁신도시점","이름에 '다이소'"
"4026794","군산","다이소 군산본점","이름에 '다이소'"
"4026154","인천","다이소 인천송도1호점","이름에 '다이소'"
"4027290","서울","다이소 강남고속버스터미널2호점","이름에 '다이소'"
"4027289","서울","다이소 노량진점","이름에 '다이소'"
"4027288","서울","다이소 이스트폴구의점","이름에 '다이소'"
"4027287","서울","다이소 수유시장2호점","이름에 '다이소'"
"4027286","서울","다이소 홈플러스 상봉점","이름에 '다이소'"
"4013188","서울","나이키 롯데월드타워점","이름에 '나이키'"
"2927404","서울","다이소 서울시청광장점","이름에 '다이소'"
"4025932","서울","다이소 혜화점","이름에 '다이소'"
"4025921","서울","다이소 동묘점","이름에 '다이소'"
"2911813","수원","나이키 스윔 롯데몰 광교점","이름에 '나이키'"
"4025882","서울","다이소 경복궁역점","이름에 '다이소'"
"4013295","청주","탑텐키즈 지웰시티몰점","이름에 '탑텐'"
"4025845","서울","다이소 안국역2호점","이름에 '다이소'"
"4025839","서울","다이소 동대문점","이름에 '다이소'"
"4027256","서울","다이소 종로본점","이름에 '다이소'"
"2916570","부여","아디다스골프 롯데아울렛 부여점","이름에 '아디다스'"
"4027239","서울","다이소 대학로점","이름에 '다이소'"
"4027213","서울","다이소 서울역점","이름에 '다이소'"
"3555995","포항","올리브영 포항중앙점","이름에 '올리브영'"
"3555821","경주","폴더 경주점","이름에 '폴더'"
"2901193","인천","나이키팩토리스토어 현대프리미엄아울렛 송도점","이름에 '나이키'"
"4008310","진주","아디다스 롯데몰 진주점","이름에 '아디다스'"
"2923247","인천","뉴발란스 LF스퀘어 인천점","이름에 '뉴발란스'"
"4027197","서울","다이소 이태원점","이름에 '다이소'"
"4027177","서울","다이소 영등포역점","이름에 '다이소'"
"4027161","서울","다이소 여의도점","이름에 '다이소'"
"4012547","서울","하파크리스틴 올리브영 메세나폴리스점","이름에 '올리브영'"
"4025820","서울","다이소 송파구청점","이름에 '다이소'"
"4025816","서울","다이소 송파파크하비오점","이름에 '다이소'"
"4025815","서울","다이소 정릉시장점","이름에 '다이소'"
"4025814","서울","다이소 성신여대역점","이름에 '다이소'"
"4025810","서울","다이소 안암점","이름에 '다이소'"
"4025809","서울","다이소 답십리점","이름에 '다이소'"
"4025807","서울","다이소 상왕십리역점","이름에 '다이소'"
"4025806","서울","다이소 비트플렉스 왕십리역점","이름에 '다이소'"
"3305725","서울","ABC마트 ST 2001아울렛 중계점","이름에 'ABC마트'"
"4025740","서울","다이소 뚝섬역점","이름에 '다이소'"
"4025701","서울","다이소 강남고속터미널점","이름에 '다이소'"
"2930526","서울","뉴발란스팩토리 현대아울렛 가산점","이름에 '뉴발란스'"
"2899189","강릉","ABC마트 MS 강릉금학점","이름에 'ABC마트'"
"2901662","서울","아디다스오리지널스 롯데백화점 건대스타시티점","이름에 '아디다스'"
"2902360","용인","아디다스 롯데프리미엄아울렛 기흥점","이름에 '아디다스'"
"2902487","김해","나이키 롯데프리미엄아울렛 김해점","이름에 '나이키'"
"2902648","서울","나이키골프 아이파크몰 용산점","이름에 '나이키'"
"2902991","서울","ABC마트 ST 현대아울렛 가든파이브점","이름에 'ABC마트'"
"2903004","용인","나이키팩토리 롯데프리미엄아울렛 기흥점","이름에 '나이키'"
"2903230","서울","나이키메가샵 롯데백화점 노원점","이름에 '나이키'"
"2905448","서울","아트박스 가로수길점","이름에 '아트박스'"
"2905739","김해","뉴발란스 롯데프리미엄아울렛 김해점","이름에 '뉴발란스'"
"2906141","서울","나이키 이태원BB타운점","이름에 '나이키'"
"2907205","서울","다이소 신촌본점","이름에 '다이소'"
"2909302","구미","나이키 구미타운점","이름에 '나이키'"
"2910895","서울","폴더 홍대 하이라이트점","이름에 '폴더'"
"2912402","인천","아트박스 부평문화의거리점","이름에 '아트박스'"
"2912588","구리","아트박스 구리역점","이름에 '아트박스'"
"2913321","서울","아트박스 위례앨리웨이점","이름에 '아트박스'"
"2914000","양산","유니클로 양산신기점","이름에 '유니클로'"
"2914165","대구","나이키 동성로타운점","이름에 '나이키'"
"2915377","부여","나이키 롯데아울렛 부여점","이름에 '나이키'"
"2915437","서울","아디다스 퍼포먼스 IFC몰점","이름에 '아디다스'"
"2922644","서울","아디다스 퍼포먼스 롯데백화점 청량리점","이름에 '아디다스'"
"2922968","용인","ABC마트 GS 롯데프리미엄아울렛 기흥점","이름에 'ABC마트'"
"2924347","서울","스파오 AK플라자 홍대점","이름에 '스파오'"
"2924441","진주","유니클로 롯데몰 진주점","이름에 '유니클로'"
"2924489","서울","ABC마트 SP NC백화점 강서점","이름에 'ABC마트'"
"2924510","서울","ABC마트 GS 타임스퀘어점","이름에 'ABC마트'"
"2924511","서울","ABC마트 ST 강변엔터식스점","이름에 'ABC마트'"
"2924512","서울","ABC마트 SP 홍대점","이름에 'ABC마트'"
"2924520","용인","뉴발란스 롯데프리미엄아울렛 기흥점","이름에 '뉴발란스'"
"2924726","청주","폴더 지웰시티몰 청주점","이름에 '폴더'"
"2925792","서울","ABC마트 롯데몰 은평점","이름에 'ABC마트'"
"2926873","인천","올리브영 부평점","이름에 '올리브영'"
"2929099","서울","컨버스 이태원점","이름에 '컨버스'"
"2929877","서울","ABC마트 GS 홍대점","이름에 'ABC마트'"
"2930443","서울","유니클로 메세나폴리스점","이름에 '유니클로'"
"2931229","서울","미즈노 홍대직영점","이름에 '미즈노'"
"3305282","용인","유니클로 롯데프리미엄아울렛 기흥점","이름에 '유니클로'"
"3305718","서울","CU 중앙박물관점","이름에 'CU'"
"3306366","안양","스파오 뉴코아아울렛 평촌점","이름에 '스파오'"
"3306647","서울","ABC마트 ST 서울대입구역점","이름에 'ABC마트'"
"3306821","서울","ABC마트 ST NC 신구로점","이름에 'ABC마트'"
"4012633","서울","GS25 남산서울타워점","이름에 'GS25'"
"4012664","서울","세븐일레븐 캐피탈점","이름에 '세븐일레븐'"
"4012853","울산","CU 울산삼산점","이름에 'CU'"
"4012964","군산","미즈노 군산수송점","이름에 '미즈노'"
"4013107","서울","CU 현대테라스타워점","이름에 'CU'"
"4013128","서울","CU 성동금호점","이름에 'CU'"
"4013196","서울","CU 올림픽광장점","이름에 'CU'"
"4013223","제주","슈마커 플러스 제주연동점","이름에 '슈마커'"
"4013282","청주","세븐일레븐 오창지식센터점","이름에 '세븐일레븐'"
"4025358","동두천","다이소 동두천지행점","이름에 '다이소'"
"4025456","시흥","다이소 시흥정왕역점","이름에 '다이소'"
"4025465","안성","다이소 안성공도점","이름에 '다이소'"
"4026339","평택","다이소 송탄본점","이름에 '다이소'"
"4026343","평택","다이소 평택소사벌지구점","이름에 '다이소'"
"4026345","평택","다이소 평택세교점","이름에 '다이소'"
"4026346","평택","다이소 평택역점","이름에 '다이소'"
"4026351","포천","다이소 포천본점","이름에 '다이소'"
"4026412","경산","다이소 경산영남대점","이름에 '다이소'"
"4026415","경산","다이소 경산하양본점","이름에 '다이소'"
"4026416","경산","다이소 경산하양점","이름에 '다이소'"
"4026434","칠곡","다이소 칠곡왜관점","이름에 '다이소'"
"4026449","구미","다이소 이마트 동구미점","이름에 '다이소'"
"4026532","대구","다이소 대구복현점","이름에 '다이소'"
"4026561","대구","다이소 대구동성로본점","이름에 '다이소'"
"4026573","대구","다이소 대구중앙로점","이름에 '다이소'"
"4026937","고양","다이소 고양신원점","이름에 '다이소'"
"4026938","평택","다이소 평택중앙로점","이름에 '다이소'"
"4026945","대구","다이소 대구산격유통단지점","이름에 '다이소'"
"4026946","대전","다이소 대전본점","이름에 '다이소'"
"4027001","대전","다이소 대전중리본점","이름에 '다이소'"
"4027003","부산","다이소 부산대점","이름에 '다이소'"
"4027068","부산","다이소 서면지하상가중앙몰점","이름에 '다이소'"
"2911615","고양","올리브영 일산풍동점","이름에 '올리브영'"
"2911624","부산","올리브영 광안비치점","이름에 '올리브영'"
"2911752","수원","올리브영 수원망포점","이름에 '올리브영'"
"2912304","서울","올리브영 건대점","이름에 '올리브영'"
"2912343","서울","올리브영 신대방삼거리역점","이름에 '올리브영'"
"2912351","서울","올리브영 내방역점","이름에 '올리브영'"
"2912376","서울","올리브영 봉은사역점","이름에 '올리브영'"
"2912379","서울","올리브영 서초대로점","이름에 '올리브영'"
"2912383","부산","올리브영 부산괴정역점","이름에 '올리브영'"
"2912411","제주","올리브영 제주외도점","이름에 '올리브영'"
"2912463","서울","올리브영 황학사거리점","이름에 '올리브영'"
"2912488","구미","올리브영 구미형곡점","이름에 '올리브영'"
"2912492","서울","올리브영 발산역점","이름에 '올리브영'"
"2912528","서울","올리브영 문정역점","이름에 '올리브영'"
"2912558","부산","올리브영 부산기장점","이름에 '올리브영'"
"2912569","부산","올리브영 온천장역점","이름에 '올리브영'"
"2912577","서울","올리브영 응암역점","이름에 '올리브영'"
"2912578","수원","올리브영 홈플러스북수원점","이름에 '올리브영'"
"2912594","안양","올리브영 평촌역사거리점","이름에 '올리브영'"
"2912762","수원","올리브영 수원터미널점","이름에 '올리브영'"
"2912829","인천","올리브영 연수구청점","이름에 '올리브영'"
"2913180","충주","유니클로 충주점","이름에 '유니클로'"
"2913275","부천","올리브영 부천북부점","이름에 '올리브영'"
"2913325","인천","올리브영 인천연수점","이름에 '올리브영'"
"2913470","서울","올리브영 서래마을점","이름에 '올리브영'"
"2913487","동두천","올리브영 지행역점","이름에 '올리브영'"
"2913499","용인","올리브영 용인광교점","이름에 '올리브영'"
"2913660","고양","올리브영 정발산로점","이름에 '올리브영'"
"2913749","서울","올리브영 동부이촌점","이름에 '올리브영'"
"2913804","제주","올리브영 제주하귀점","이름에 '올리브영'"
"2913813","서울","올리브영 양천향교역점","이름에 '올리브영'"
"2913888","고양","올리브영 삼송역점","이름에 '올리브영'"
"2914061","대구","올리브영 대구두류점","이름에 '올리브영'"
"2914101","김해","올리브영 김해삼계점","이름에 '올리브영'"
"2914103","부천","올리브영 홈플러스부천여월점","이름에 '올리브영'"
"2914203","고양","올리브영 웨스턴돔중앙점","이름에 '올리브영'"
"2914520","수원","올리브영 수원장안구청사거리점","이름에 '올리브영'"
"2914550","천안","올리브영 천안쌍용점","이름에 '올리브영'"
"2914944","충주","올리브영 충주터미널점","이름에 '올리브영'"
"2915487","대구","올리브영 동대구역사점","이름에 '올리브영'"
"2917290","서울","올리브영 종각점","이름에 '올리브영'"
"2917373","부산","올리브영 서면부전중앙점","이름에 '올리브영'"
"2917400","부산","올리브영 부산역점","이름에 '올리브영'"
"2918281","수원","올리브영 수원시청역점","이름에 '올리브영'"
"2918292","부산","올리브영 마린시티점","이름에 '올리브영'"
"2918304","서울","올리브영 합정교보점","이름에 '올리브영'"
"2918306","서울","올리브영 연희점","이름에 '올리브영'"
"2918360","서울","올리브영 신도림점","이름에 '올리브영'"
"2918379","수원","올리브영 수원성대점","이름에 '올리브영'"
"2918543","서울","올리브영 마포구청역점","이름에 '올리브영'"
"2918547","서귀포","올리브영 제주중문점","이름에 '올리브영'"
"2918563","성남","올리브영 신흥역점","이름에 '올리브영'"
"2918591","부산","올리브영 부산대장전점","이름에 '올리브영'"
"2918634","인천","올리브영 인천스퀘어원점","이름에 '올리브영'"
"2918637","서울","올리브영 신논현점","이름에 '올리브영'"
"2918704","인천","올리브영 인천라피에스타점","이름에 '올리브영'"
"2922543","거제","올리브영 디큐브거제점","이름에 '올리브영'"
"2922762","수원","올리브영 수원천천점","이름에 '올리브영'"
"2922900","서울","올리브영 은행나무사거리점","이름에 '올리브영'"
"2922907","대구","올리브영 대구대현점","이름에 '올리브영'"
"2922951","양주","올리브영 LF스퀘어양주점","이름에 '올리브영'"
"2922987","서울","올리브영 서울대입구역점","이름에 '올리브영'"
"2923080","서울","올리브영 중화역점","이름에 '올리브영'"
"2923091","서울","올리브영 홈플러스시흥점","이름에 '올리브영'"
"2923168","아산","슈마커 온양점","이름에 '슈마커'"
"2923241","서울","올리브영 목동하이페리온점","이름에 '올리브영'"
"2923327","성남","올리브영 성남수정점","이름에 '올리브영'"
"2923610","부산","올리브영 남천역점","이름에 '올리브영'"
"2923625","인천","올리브영 홈플러스 간석점","이름에 '올리브영'"
"2923675","인천","올리브영 계양구청점","이름에 '올리브영'"
"2923688","서울","올리브영 타워팰리스점","이름에 '올리브영'"
"2923783","서울","올리브영 구일역점","이름에 '올리브영'"
"2923880","서울","올리브영 강변엔터식스점","이름에 '올리브영'"
"2923925","서울","올리브영 가양역점","이름에 '올리브영'"
"2924146","서울","올리브영 강남엔터식스점","이름에 '올리브영'"
"2924173","서울","올리브영 이태원입구점","이름에 '올리브영'"
"2924383","서울","올리브영 충무로역점","이름에 '올리브영'"
"2924397","서울","올리브영 홍대대학로점","이름에 '올리브영'"
"2924402","서울","올리브영 신촌대로점","이름에 '올리브영'"
"2924419","성남","올리브영 태평역점","이름에 '올리브영'"
"2924470","서울","올리브영 강남중앙점","이름에 '올리브영'"
"2924490","서울","올리브영 상암ENM점","이름에 '올리브영'"
"2924559","서울","올리브영 마포도화점","이름에 '올리브영'"
"2924618","부산","올리브영 광안리점","이름에 '올리브영'"
"2924641","부산","올리브영 부산용호점","이름에 '올리브영'"
"2924731","광명","올리브영 광명사거리역점","이름에 '올리브영'"
"2924757","서울","올리브영 휘경동점","이름에 '올리브영'"
"2924824","서울","올리브영 제일제당센터점","이름에 '올리브영'"
"2924958","서울","올리브영 석촌역점","이름에 '올리브영'"
"2925187","울산","올리브영 울산터미널점","이름에 '올리브영'"
"2925614","충주","나이키 충주점","이름에 '나이키'"
"2925694","서울","올리브영 이대중앙점","이름에 '올리브영'"
"2925720","아산","올리브영 아산터미널점","이름에 '올리브영'"
"2925748","부산","올리브영 부산동아대점","이름에 '올리브영'"
"2925779","서울","올리브영 신촌연세점","이름에 '올리브영'"
"2926393","김포","ABC마트 현대프리미엄아울렛 김포점","이름에 'ABC마트'"
"2926598","화성","올리브영 화성병점점","이름에 '올리브영'"
"2926698","서울","올리브영 창동점","이름에 '올리브영'"
"2926892","부산","올리브영 부산수영로점","이름에 '올리브영'"
"2927117","세종","올리브영 세종몰리브점","이름에 '올리브영'"
"2928498","용인","올리브영 롯데몰 수지점","이름에 '올리브영'"
"2928771","고양","올리브영 일산백마점","이름에 '올리브영'"
"2928868","서울","올리브영 금호점","이름에 '올리브영'"
"2928891","수원","올리브영 수원엘포트몰점","이름에 '올리브영'"
"2929180","서울","올리브영 순천향입구점","이름에 '올리브영'"
"2929187","서울","올리브영 독립문점","이름에 '올리브영'"
"2929188","서울","올리브영 목동역점","이름에 '올리브영'"
"2929480","서울","올리브영 명동역점","이름에 '올리브영'"
"2930054","서울","올리브영 망원역점","이름에 '올리브영'"
"2930158","하남","올리브영 스타필드 시티 위례점","이름에 '올리브영'"
"2930204","서울","올리브영 명동대로점","이름에 '올리브영'"
"2930259","서울","올리브영 압구정로데오점","이름에 '올리브영'"
"2930277","서울","올리브영 종로YBM점","이름에 '올리브영'"
"2930369","강릉","올리브영 강릉교동점","이름에 '올리브영'"
"2930372","강릉","올리브영 강릉입암점","이름에 '올리브영'"
"2930559","서울","올리브영 트윈시티점","이름에 '올리브영'"
"2930567","서울","올리브영 세종로점","이름에 '올리브영'"
"2930606","서울","올리브영 연신내범서점","이름에 '올리브영'"
"2930619","서울","올리브영 상수역점","이름에 '올리브영'"
"2930621","서울","올리브영 언주역점","이름에 '올리브영'"
"2930633","서울","올리브영 상왕십리역점","이름에 '올리브영'"
"2930705","서울","올리브영 염창역점","이름에 '올리브영'"
"2930711","부산","올리브영 부산대연역점","이름에 '올리브영'"
"2930725","천안","올리브영 천안신불당점","이름에 '올리브영'"
"2930759","김포","올리브영 김포라베니체점","이름에 '올리브영'"
"2930761","서울","올리브영 장승배기역점","이름에 '올리브영'"
"2930769","인천","올리브영 송도트리플스트리트점","이름에 '올리브영'"
"2930782","서울","올리브영 상봉역점","이름에 '올리브영'"
"2930793","강릉","올리브영 강릉포남점","이름에 '올리브영'"
"2930818","광주","올리브영 곤지암점","이름에 '올리브영'"
"2930826","서울","올리브영 광나루역점","이름에 '올리브영'"
"2930828","서울","올리브영 현대아울렛 가산점","이름에 '올리브영'"
"2930908","의정부","올리브영 의정부역점","이름에 '올리브영'"
"2930939","부천","올리브영 역곡역점","이름에 '올리브영'"
"2930954","서울","올리브영 여의도역점","이름에 '올리브영'"
"2930970","고양","올리브영 마두역점","이름에 '올리브영'"
"2930978","용인","올리브영 용인구갈점","이름에 '올리브영'"
"2930986","대구","올리브영 대구수성구청역점","이름에 '올리브영'"
"2930988","서울","올리브영 동교동점","이름에 '올리브영'"
"2930992","서울","올리브영 이태원중앙점","이름에 '올리브영'"
"2931340","서울","올리브영 시청역점","이름에 '올리브영'"
"2931352","서울","올리브영 경희대점","이름에 '올리브영'"
"2931360","제주","올리브영 제주한라병원점","이름에 '올리브영'"
"2931361","서울","올리브영 신당역점","이름에 '올리브영'"
"2931395","대구","올리브영 대구수성4가점","이름에 '올리브영'"
"2931397","청주","올리브영 청주율량점","이름에 '올리브영'"
"2931478","서울","올리브영 한남오거리점","이름에 '올리브영'"
"2931521","서울","올리브영 일원역점","이름에 '올리브영'"
"2931556","서울","올리브영 회기중앙점","이름에 '올리브영'"
"2931607","울산","올리브영 울산테라스파크점","이름에 '올리브영'"
"2931628","서울","올리브영 창천점","이름에 '올리브영'"
"2931682","서울","올리브영 타임스퀘어아트리움점","이름에 '올리브영'"
"2931702","서울","올리브영 아차산역점","이름에 '올리브영'"
"2931706","안산","올리브영 안산한대앞역점","이름에 '올리브영'"
"2931716","서울","올리브영 동대문역사문화공원역점","이름에 '올리브영'"
"2931805","서울","올리브영 상봉듀오트리스점","이름에 '올리브영'"
"2931808","서울","올리브영 용산리첸시아점","이름에 '올리브영'"
"3305302","서울","올리브영 신논현역점","이름에 '올리브영'"
"3305307","남양주","올리브영 다산지금점","이름에 '올리브영'"
"3305322","수원","올리브영 수원권선점","이름에 '올리브영'"
"3305338","양주","올리브영 양주옥정점","이름에 '올리브영'"
"3305386","부산","올리브영 연산역점","이름에 '올리브영'"
"3305393","안성","올리브영 안성아양점","이름에 '올리브영'"
"3305414","부산","올리브영 다대포항역점","이름에 '올리브영'"
"3305418","창원","올리브영 창원유니시티점","이름에 '올리브영'"
"3305422","김해","올리브영 김해장유율하점","이름에 '올리브영'"
"3305427","포항","올리브영 포항장성점","이름에 '올리브영'"
"3305428","고양","올리브영 원흥역점","이름에 '올리브영'"
"3305456","평택","올리브영 평택안중점","이름에 '올리브영'"
"3305461","평택","올리브영 평택소사벌점","이름에 '올리브영'"
"3305475","화성","올리브영 화성향남로데오점","이름에 '올리브영'"
"3305478","서울","올리브영 파르나스몰점","이름에 '올리브영'"
"3305487","울산","올리브영 울산온산점","이름에 '올리브영'"
"3305492","부산","올리브영 부산정관점","이름에 '올리브영'"
"3305496","성남","올리브영 판교카카오점","이름에 '올리브영'"
"3305509","서울","올리브영 오류동역점","이름에 '올리브영'"
"3305511","제주","CU 제주열린점","이름에 'CU'"
"3305537","서울","올리브영 홍대사거리점","이름에 '올리브영'"
"3305550","부산","올리브영 부산거제점","이름에 '올리브영'"
"3305553","고양","올리브영 롯데아울렛 고양점","이름에 '올리브영'"
"3305558","화성","올리브영 동탄역점","이름에 '올리브영'"
"3305626","광명","올리브영 광명아브뉴프랑점","이름에 '올리브영'"
"3305628","부산","올리브영 연산토곡점","이름에 '올리브영'"
"3305638","과천","올리브영 과천점","이름에 '올리브영'"
"3305650","서울","올리브영 무교동점","이름에 '올리브영'"
"3305651","천안","CU 남서울대학생회관점","이름에 'CU'"
"3305655","안산","올리브영 안산중앙로데오점","이름에 '올리브영'"
"3305656","부산","올리브영 부산온천점","이름에 '올리브영'"
"3305660","대구","올리브영 대구중앙로점","이름에 '올리브영'"
"3305662","서울","올리브영 명동점","이름에 '올리브영'"
"3305676","서울","올리브영 명동 타운점","이름에 '올리브영'"
"3305677","서울","올리브영 광흥창역점","이름에 '올리브영'"
"3305690","화성","올리브영 동탄솔빛점","이름에 '올리브영'"
"3305700","울산","올리브영 울산병영점","이름에 '올리브영'"
"3305708","광명","올리브영 AK플라자 광명점","이름에 '올리브영'"
"3305709","부산","올리브영 해운대엘시티점","이름에 '올리브영'"
"3305716","서울","올리브영 롯데백화점 잠실점","이름에 '올리브영'"
"3305729","고양","올리브영 일산벨라시타점","이름에 '올리브영'"
"3305738","서울","올리브영 돈암중앙점","이름에 '올리브영'"
"3305748","안양","올리브영 인덕원역점","이름에 '올리브영'"
"3305749","인천","올리브영 계양점","이름에 '올리브영'"
"3305760","서귀포","올리브영 서귀포점","이름에 '올리브영'"
"3305765","서울","올리브영 신사서초점","이름에 '올리브영'"
"3305768","서울","올리브영 홍대정문점","이름에 '올리브영'"
"3305769","하남","올리브영 하남감일점","이름에 '올리브영'"
"3305770","서울","올리브영 서울숲역점","이름에 '올리브영'"
"3305772","서울","올리브영 대치점","이름에 '올리브영'"
"3305820","포항","올리브영 포항지곡점","이름에 '올리브영'"
"3305821","서울","올리브영 양재역점","이름에 '올리브영'"
"3305822","남양주","올리브영 현대프리미엄아울렛 스페이스원점","이름에 '올리브영'"
"3305834","화성","올리브영 동탄영천점","이름에 '올리브영'"
"3305889","서울","올리브영 어린이대공원역점","이름에 '올리브영'"
"3305901","서울","올리브영 현대아울렛 동대문점","이름에 '올리브영'"
"3305939","안양","올리브영 안양비산점","이름에 '올리브영'"
"3305947","부산","올리브영 부산개금점","이름에 '올리브영'"
"3305953","서울","올리브영 테헤란로점","이름에 '올리브영'"
"3305956","파주","올리브영 파주금촌점","이름에 '올리브영'"
"3305968","고양","올리브영 행신역점","이름에 '올리브영'"
"3305975","서울","올리브영 신강남점","이름에 '올리브영'"
"3305992","서울","올리브영 답십리역점","이름에 '올리브영'"
"3306021","서울","올리브영 롯데몰 김포공항점","이름에 '올리브영'"
"3306038","부산","올리브영 부산사직점","이름에 '올리브영'"
"3306041","화성","올리브영 동탄한빛점","이름에 '올리브영'"
"3306045","서울","올리브영 대학로점","이름에 '올리브영'"
"3306053","부산","올리브영 경남정보대점","이름에 '올리브영'"
"3306068","화성","올리브영 동탄센트럴파크점","이름에 '올리브영'"
"3306073","부산","올리브영 부산시청역점","이름에 '올리브영'"
"3306095","창원","올리브영 창원팔용점","이름에 '올리브영'"
"3306134","제주","올리브영 제주 타운","이름에 '올리브영'"
"3306146","안산","올리브영 안산고잔점","이름에 '올리브영'"
"3306154","부천","올리브영 부천고강점","이름에 '올리브영'"
"3306156","울산","올리브영 울산업스퀘어점","이름에 '올리브영'"
"3306160","부산","올리브영 부산미남역점","이름에 '올리브영'"
"3306177","포항","올리브영 포항이동점","이름에 '올리브영'"
"3306199","창원","올리브영 창원감계점","이름에 '올리브영'"
"3306220","안산","올리브영 안산월피공원점","이름에 '올리브영'"
"3306234","김해","올리브영 김해장유대청점","이름에 '올리브영'"
"3306236","양산","올리브영 양산덕계점","이름에 '올리브영'"
"3306244","화성","올리브영 송산그린시티점","이름에 '올리브영'"
"3306252","남양주","올리브영 남양주평내점","이름에 '올리브영'"
"3306257","제주","올리브영 제주제원점","이름에 '올리브영'"
"3306264","서울","올리브영 관악 타운","이름에 '올리브영'"
"3306297","고양","올리브영 스타필드 고양점","이름에 '올리브영'"
"3306309","하남","올리브영 미사강변점","이름에 '올리브영'"
"3306321","하남","올리브영 스타필드 하남점","이름에 '올리브영'"
"3306324","파주","올리브영 홈플러스파주운정점","이름에 '올리브영'"
"3306326","부산","올리브영 부산W스퀘어점","이름에 '올리브영'"
"3306336","화성","올리브영 화성봉담점","이름에 '올리브영'"
"3306354","서울","올리브영 명동타임워크점","이름에 '올리브영'"
"3306357","화성","올리브영 홈플러스병점점","이름에 '올리브영'"
"3306368","부천","올리브영 부천역사거리점","이름에 '올리브영'"
"3306384","남양주","올리브영 남양주화도점","이름에 '올리브영'"
"3306385","안성","올리브영 스타필드 안성점","이름에 '올리브영'"
"3306451","성남","올리브영 오리역점","이름에 '올리브영'"
"3306457","부산","올리브영 홈플러스아시아드점","이름에 '올리브영'"
"3306490","고양","올리브영 대화역점","이름에 '올리브영'"
"3306498","부산","올리브영 부산아트몰링점","이름에 '올리브영'"
"3306509","성남","올리브영 미금역사거리점","이름에 '올리브영'"
"3306515","울산","올리브영 홈플러스 울산점","이름에 '올리브영'"
"3306521","평택","올리브영 평택소사벌로터리점","이름에 '올리브영'"
"3306523","서울","올리브영 플러스점","이름에 '올리브영'"
"3306526","안양","올리브영 안양동편점","이름에 '올리브영'"
"3306532","울산","올리브영 울산대로점","이름에 '올리브영'"
"3306535","성남","올리브영 성남위례점","이름에 '올리브영'"
"3306539","성남","올리브영 판교도서관점","이름에 '올리브영'"
"3306565","파주","올리브영 파주문산점","이름에 '올리브영'"
"3306571","화성","올리브영 동탄호수공원점","이름에 '올리브영'"
"3306577","서울","올리브영 홍대공항철도역점","이름에 '올리브영'"
"3306588","남양주","올리브영 남양주도농점","이름에 '올리브영'"
"3306639","서울","올리브영 혜화역점","이름에 '올리브영'"
"3306640","제주","올리브영 제주일도이동점","이름에 '올리브영'"
"3306651","성남","올리브영 남위례역점","이름에 '올리브영'"
"3306656","서울","올리브영 아이파크몰 용산점","이름에 '올리브영'"
"3306661","고양","올리브영 일산역점","이름에 '올리브영'"
"3306668","수원","올리브영 수원영통역점","이름에 '올리브영'"
"3306673","울산","올리브영 울산옥동점","이름에 '올리브영'"
"3306674","고양","올리브영 고양향동점","이름에 '올리브영'"
"3306679","부산","올리브영 부산연산점","이름에 '올리브영'"
"3306688","성남","올리브영 위례센터점","이름에 '올리브영'"
"3306757","양산","올리브영 양산물금점","이름에 '올리브영'"
"3306769","평택","올리브영 평택서정점","이름에 '올리브영'"
"3306771","통영","올리브영 통영무전점","이름에 '올리브영'"
"3306792","서울","올리브영 종로점","이름에 '올리브영'"
"3306794","울산","올리브영 울산삼산대로점","이름에 '올리브영'"
"3306795","평택","올리브영 평택비전점","이름에 '올리브영'"
"3306797","창원","올리브영 진해용원점","이름에 '올리브영'"
"3306805","제주","미즈노 신제주점","이름에 '미즈노'"
"3306806","서울","올리브영 성신여대입구역점","이름에 '올리브영'"
"3306809","서울","올리브영 강남우성점","이름에 '올리브영'"
"3306817","제주","올리브영 제주월랑로점","이름에 '올리브영'"
"3306824","서울","올리브영 명동중앙점","이름에 '올리브영'"
"3306846","대구","올리브영 동대구지하철역점","이름에 '올리브영'"
"3306864","화성","올리브영 동탄능동점","이름에 '올리브영'"
"3306876","부산","올리브영 부산광안역점","이름에 '올리브영'"
"3306877","고양","올리브영 주엽역점","이름에 '올리브영'"
"3306912","안산","올리브영 안산초지점","이름에 '올리브영'"
"3306923","서울","올리브영 왕십리역사점","이름에 '올리브영'"
"3306940","제주","올리브영 제주세화점","이름에 '올리브영'"
"3306957","부산","올리브영 부산사상점","이름에 '올리브영'"
"3306967","서울","올리브영 돈암점","이름에 '올리브영'"
"3306968","서울","올리브영 서울역점","이름에 '올리브영'"
"3306978","대전","올리브영 대전중앙점","이름에 '올리브영'"
"3306981","용인","올리브영 용인동백점","이름에 '올리브영'"
"3306992","서울","올리브영 대학로중앙점","이름에 '올리브영'"
"3307021","수원","올리브영 수원호매실점","이름에 '올리브영'"
"3307023","포항","올리브영 포항양덕점","이름에 '올리브영'"
"3307032","구미","올리브영 홈플러스구미점","이름에 '올리브영'"
"3307035","안양","올리브영 안양사거리점","이름에 '올리브영'"
"3307078","김해","올리브영 홈플러스김해점","이름에 '올리브영'"
"3307080","경산","올리브영 경산시장점","이름에 '올리브영'"
"3307081","성남","올리브영 분당서현로점","이름에 '올리브영'"
"3307085","서울","컨버스 롯데아울렛 서울역점","이름에 '컨버스'"
"3307097","수원","올리브영 수원탑동점","이름에 '올리브영'"
"3307145","광명","올리브영 광명철산점","이름에 '올리브영'"
"3307162","부산","올리브영 부산부곡DI점","이름에 '올리브영'"
"3307212","구리","올리브영 구리수택점","이름에 '올리브영'"
"3307226","진주","올리브영 진주평거점","이름에 '올리브영'"
"3307230","광명","올리브영 광명소하점","이름에 '올리브영'"
"3307246","구리","올리브영 구리갈매점","이름에 '올리브영'"
"3307252","평택","올리브영 평택고덕로데오점","이름에 '올리브영'"
"3307256","부산","올리브영 서면삼정타워점","이름에 '올리브영'"
"3307263","부산","올리브영 부산일광점","이름에 '올리브영'"
"3307273","서울","올리브영 구로디지털단지역점","이름에 '올리브영'"
"3307289","수원","올리브영 수원경기대점","이름에 '올리브영'"
"3307297","서울","올리브영 국회의사당역점","이름에 '올리브영'"
"3307327","울산","올리브영 울산구영점","이름에 '올리브영'"
"3307336","안산","올리브영 안산고잔광장점","이름에 '올리브영'"
"3307352","부산","올리브영 부산다대포점","이름에 '올리브영'"
"3307446","부산","올리브영 스타필드 시티 명지점","이름에 '올리브영'"
"3307452","제주","올리브영 제주한라대점","이름에 '올리브영'"
"3307457","성남","올리브영 서판교점","이름에 '올리브영'"
"3307462","서울","올리브영 건대 타운","이름에 '올리브영'"
"3307463","울산","올리브영 울산성남점","이름에 '올리브영'"
"3307464","포항","올리브영 포항두호점","이름에 '올리브영'"
"3307467","안산","올리브영 안산원곡점","이름에 '올리브영'"
"3307473","부산","올리브영 부산부경대점","이름에 '올리브영'"
"3307504","제주","올리브영 제주아라일동점","이름에 '올리브영'"
"3307508","서울","올리브영 김포공항국내선청사점","이름에 '올리브영'"
"3307516","양주","올리브영 양주덕정점","이름에 '올리브영'"
"3307529","하남","올리브영 하남미사역점","이름에 '올리브영'"
"3307548","고양","올리브영 라페스타점","이름에 '올리브영'"
"3307559","서울","올리브영 양천구청점","이름에 '올리브영'"
"3307571","부산","올리브영 부산문현점","이름에 '올리브영'"
"3307583","남양주","올리브영 남양주청학점","이름에 '올리브영'"
"3307624","의정부","올리브영 의정부금오점","이름에 '올리브영'"
"3307625","김해","올리브영 김해장유부곡점","이름에 '올리브영'"
"3307629","서울","올리브영 신림점","이름에 '올리브영'"
"3307634","평택","올리브영 평택동삭점","이름에 '올리브영'"
"3307642","의정부","올리브영 홈플러스의정부점","이름에 '올리브영'"
"3307643","고양","올리브영 고양행신점","이름에 '올리브영'"
"3307648","부천","올리브영 역곡역남부점","이름에 '올리브영'"
"3307652","평택","올리브영 평택로데오점","이름에 '올리브영'"
"3307665","고양","올리브영 고양원흥점","이름에 '올리브영'"
"3307688","제주","올리브영 제주협재점","이름에 '올리브영'"
"3307691","하남","올리브영 하남신장점","이름에 '올리브영'"
"3307700","남양주","올리브영 별내미리내마을점","이름에 '올리브영'"
"3307711","수원","올리브영 수원중앙점","이름에 '올리브영'"
"3307715","영주","올리브영 경북영주역점","이름에 '올리브영'"
"3307728","서울","올리브영 삼성중앙역점","이름에 '올리브영'"
"3307748","부산","올리브영 부산양정점","이름에 '올리브영'"
"3307754","대구","올리브영 대구동성로광장점","이름에 '올리브영'"
"3307760","안양","올리브영 범계 타운","이름에 '올리브영'"
"4009600","제주","CU 제주애월한담점","이름에 'CU'"
"4011068","부산","케이마트","이름이 '마트'로 끝남"
"4011092","부산","CU 서면롯데점","이름에 'CU'"
"4011119","부산","CU 서면브릭스점","이름에 'CU'"
"4011126","부산","GS25 서면새천점","이름에 'GS25'"
"4011132","부산","CU 서면점","이름에 'CU'"
"4011141","부산","CU 쥬디스본관점","이름에 'CU'"
"4011182","부산","CU M부산서면환승역점","이름에 'CU'"
"4011241","부산","성심마트","이름이 '마트'로 끝남"
"4011287","부산","CU 센텀타워메디컬점","이름에 'CU'"
"4011313","부산","CU 해운대팔레드시즈점","이름에 'CU'"
"4012261","대구","이마트24 청라언덕점","이름에 '이마트24'"
"4012270","대구","이마트24 대구본점","이름에 '이마트24'"
"4012499","서울","GS25 합정성산점","이름에 'GS25'"
"4012501","서울","CU 홍대동교로점","이름에 'CU'"
"4012511","서울","CU 마포SK점","이름에 'CU'"
"4012517","서울","CU 신촌까사빌점","이름에 'CU'"
"4012528","서울","GS25 경의선책거리점","이름에 'GS25'"
"4012536","서울","CU 홍익인간점","이름에 'CU'"
"4012567","서울","CU 연남PMK점","이름에 'CU'"
"4012577","서울","CU 홍대서교점","이름에 'CU'"
"4013013","서울","CU 홍대상상점","이름에 'CU'"
"4013020","서울","CU 마포양화공원점","이름에 'CU'"
"4013033","서울","폴더 신촌 하이라이트점","이름에 '폴더'"
"2901162","제주","올리브영 제주연동점","이름에 '올리브영'"
"2901411","서울","올리브영 두타몰점","이름에 '올리브영'"
"2901430","서울","올리브영 상도역점","이름에 '올리브영'"
"2901439","서울","올리브영 선유도역점","이름에 '올리브영'"
"2901481","제주","올리브영 제주탑동점","이름에 '올리브영'"
"2901911","서울","올리브영 수유중앙점","이름에 '올리브영'"
"2901917","서울","올리브영 종로1가점","이름에 '올리브영'"
"2901935","서울","올리브영 약수역점","이름에 '올리브영'"
"2902005","부산","올리브영 센텀중앙로점","이름에 '올리브영'"
"2902035","인천","올리브영 현대프리미엄아울렛 송도점","이름에 '올리브영'"
"2902037","서울","올리브영 서초타운점","이름에 '올리브영'"
"2902058","용인","올리브영 에버랜드점","이름에 '올리브영'"
"2902111","서울","올리브영 홈플러스강서점","이름에 '올리브영'"
"2902136","서울","올리브영 북가좌동점","이름에 '올리브영'"
"2902354","수원","올리브영 수원AK역사점","이름에 '올리브영'"
"2902462","서울","올리브영 선릉타운점","이름에 '올리브영'"
"2902526","성남","올리브영 분당미금역점","이름에 '올리브영'"
"2902571","부산","올리브영 롯데백화점 광복점","이름에 '올리브영'"
"2902632","대전","올리브영 홈플러스유성점","이름에 '올리브영'"
"2902638","천안","올리브영 천안두정중앙점","이름에 '올리브영'"
"2902784","서울","올리브영 숙대점","이름에 '올리브영'"
"2902838","제주","올리브영 제주함덕점","이름에 '올리브영'"
"2902844","서울","올리브영 씨제이남산더센터점","이름에 '올리브영'"
"2902975","청주","올리브영 청주대점","이름에 '올리브영'"
"2903047","서울","올리브영 중계역점","이름에 '올리브영'"
"2903147","서울","올리브영 공릉역점","이름에 '올리브영'"
"2903754","부산","올리브영 부산동래점","이름에 '올리브영'"
"2903798","서울","올리브영 강동구청점","이름에 '올리브영'"
"2904008","서울","올리브영 공덕파크팰리스점","이름에 '올리브영'"
"2904021","부산","올리브영 부산수영점","이름에 '올리브영'"
"2904267","대구","올리브영 대구동성로점","이름에 '올리브영'"
"2904332","서울","올리브영 신설동역점","이름에 '올리브영'"
"2904529","부산","올리브영 서면가야대로점","이름에 '올리브영'"
"2904533","서울","올리브영 신대방역점","이름에 '올리브영'"
"2904553","대전","올리브영 대전가수원점","이름에 '올리브영'"
"2904573","서울","올리브영 합정카페거리점","이름에 '올리브영'"
"2904604","서울","올리브영 신방화역점","이름에 '올리브영'"
"2905425","김포","아디다스 현대프리미엄아울렛 김포점","이름에 '아디다스'"
"2905627","서울","올리브영 신촌로터리점","이름에 '올리브영'"
"2906147","구리","올리브영 구리역점","이름에 '올리브영'"
"2906165","부산","올리브영 하단중앙점","이름에 '올리브영'"
"2906275","서울","올리브영 스타시티점","이름에 '올리브영'"
"2906286","수원","올리브영 홈플러스동수원점","이름에 '올리브영'"
"2906314","부천","올리브영 부천상동점","이름에 '올리브영'"
"2906341","대구","올리브영 대구대백점","이름에 '올리브영'"
"2906408","서울","나이키 롯데아울렛 서울역점","이름에 '나이키'"
"2906411","서울","올리브영 압구정점","이름에 '올리브영'"
"2906478","서울","올리브영 애오개역점","이름에 '올리브영'"
"2906574","서울","올리브영 정동점","이름에 '올리브영'"
"2906619","서울","올리브영 홍제역점","이름에 '올리브영'"
"2906638","서울","올리브영 사가정역점","이름에 '올리브영'"
"2906651","의정부","올리브영 의정부중앙로점","이름에 '올리브영'"
"2906674","서울","올리브영 서여의도점","이름에 '올리브영'"
"2907031","인천","올리브영 송도글로벌점","이름에 '올리브영'"
"2907033","서울","올리브영 대흥역점","이름에 '올리브영'"
"2907054","대구","올리브영 대구침산점","이름에 '올리브영'"
"2907137","서울","올리브영 종암점","이름에 '올리브영'"
"2907173","수원","올리브영 동수원점","이름에 '올리브영'"
"2907197","서울","올리브영 홈플러스월드컵점","이름에 '올리브영'"
"2907204","부산","올리브영 부산장산점","이름에 '올리브영'"
"2907221","서울","올리브영 장한평역점","이름에 '올리브영'"
"2907418","인천","올리브영 구월아시아드점","이름에 '올리브영'"
"2907420","의정부","올리브영 회룡역점","이름에 '올리브영'"
"2907495","김해","올리브영 인제대점","이름에 '올리브영'"
"2907548","부산","올리브영 부산장산역점","이름에 '올리브영'"
"2907554","서울","올리브영 강변역점","이름에 '올리브영'"
"2907646","서울","올리브영 숙대입구역점","이름에 '올리브영'"
"2907813","수원","올리브영 수원정자점","이름에 '올리브영'"
"2907817","용인","올리브영 용인포곡점","이름에 '올리브영'"
"2908117","천안","올리브영 천안터미널점","이름에 '올리브영'"
"2908276","대구","올리브영 대구범어점","이름에 '올리브영'"
"2908720","부천","올리브영 부천원종점","이름에 '올리브영'"
"2908834","부산","올리브영 부산구서역점","이름에 '올리브영'"
"2908905","서울","올리브영 석계역점","이름에 '올리브영'"
"2909592","용인","올리브영 강남대점","이름에 '올리브영'"
"2909782","창원","올리브영 창원고인돌사거리점","이름에 '올리브영'"
"2909834","서울","뉴발란스 롯데아울렛 서울역점","이름에 '뉴발란스'"
"2910129","대구","올리브영 대구감삼DI점","이름에 '올리브영'"
"2910249","포천","올리브영 포천중앙점","이름에 '올리브영'"
"2910486","대구","올리브영 대구시지점","이름에 '올리브영'"
"2910877","제주","폴더 신제주점","이름에 '폴더'"
"2911139","제주","폴더 제주점","이름에 '폴더'"
"2911316","부산","올리브영 부산남포점","이름에 '올리브영'"
"2911353","서울","올리브영 신용산역점","이름에 '올리브영'"
"2911418","제주","올리브영 제주대학병원점","이름에 '올리브영'"
"2911429","인천","올리브영 홈플러스 송도점","이름에 '올리브영'"
"2911454","부산","올리브영 서면1번가점","이름에 '올리브영'"
"2911547","대구","올리브영 동대구터미널점","이름에 '올리브영'"
"2911555","인천","올리브영 인천길병원점","이름에 '올리브영'"
"2911574","서울","올리브영 신촌명물거리점","이름에 '올리브영'"
"2901164","대전","아디다스 롯데백화점대전점","이름에 '아디다스'"
"2901494","부산","뉴발란스 부산대점","이름에 '뉴발란스'"
"2901576","부산","ABC마트 ST 부산광복점","이름에 'ABC마트'"
"2903644","아산","유니클로 아산풍기점","이름에 '유니클로'"
"2905436","서울","뉴발란스 홍대점","이름에 '뉴발란스'"
"2905453","서귀포","나이키 서귀포점","이름에 '나이키'"
"2905557","대전","아트박스 충남대점","이름에 '아트박스'"
"2906582","안성","유니클로 안성점","이름에 '유니클로'"
"2907202","서울","아트박스 서울대입구점","이름에 '아트박스'"
"2907797","대구","뉴발란스 동성로점","이름에 '뉴발란스'"
"2909037","대전","나이키 은행점","이름에 '나이키'"
"2909655","진주","아트박스 진주점","이름에 '아트박스'"
"2910738","청주","탑텐 청주점","이름에 '탑텐'"
"2911191","부산","아트박스 부산경성대점","이름에 '아트박스'"
"2911411","창원","탑텐 롯데백화점영플라자 창원점","이름에 '탑텐'"
"2911530","구미","유니클로 구미신평점","이름에 '유니클로'"
"2911632","하남","유니클로 스타필드 시티 위례점","이름에 '유니클로'"
"2915160","청주","탑텐 지웰시티몰 청주점","이름에 '탑텐'"
"2915784","아산","아트박스 아산점","이름에 '아트박스'"
"2916222","서울","컨버스 타임스퀘어점","이름에 '컨버스'"
"2917188","서울","유니클로 타임스퀘어점","이름에 '유니클로'"
"2917371","인천","ABC마트 GS 인천부평점","이름에 'ABC마트'"
"2918531","대전","유니클로 스타일마켓 대전점","이름에 '유니클로'"
"2918642","서울","아트박스 타임스퀘어점","이름에 '아트박스'"
"2922432","부산","탑텐 롯데백화점 광복점","이름에 '탑텐'"
"2923645","안산","뉴발란스 안산중앙점","이름에 '뉴발란스'"
"2923735","제주","스파오 신제주점","이름에 '스파오'"
"2924463","청주","유니클로 현대백화점 충청점","이름에 '유니클로'"
"2924796","서울","폴더 상봉점","이름에 '폴더'"
"2925661","울산","유니클로 롯데백화점 울산점","이름에 '유니클로'"
"2925784","부산","아트박스 부산광복2호점","이름에 '아트박스'"
"2925815","대구","아트박스 대구중앙점","이름에 '아트박스'"
"2926913","경주","아트박스 경주점","이름에 '아트박스'"
"2927960","김해","탑텐 김해 아이스퀘어점","이름에 '탑텐'"
"2928518","하남","나이키 스타필드 시티 위례점","이름에 '나이키'"
"2928840","부산","나이키 롯데백화점 동래점","이름에 '나이키'"
"2929368","부산","ABC마트 GS 부산광복점","이름에 'ABC마트'"
"2929733","부산","아트박스 부산서면점","이름에 '아트박스'"
"2930658","광주","유니클로 경기광주점","이름에 '유니클로'"
"2930736","대구","올리브영 대구반월당점","이름에 '올리브영'"
"2930800","서울","올리브영 건대입구점","이름에 '올리브영'"
"2930942","대구","아트박스 대구동성로점","이름에 '아트박스'"
"2930952","김해","유니클로 신세계백화점 김해점","이름에 '유니클로'"
"2931499","울산","유니클로 울산 진장점","이름에 '유니클로'"
"2931562","부산","유니클로 롯데백화점 광복점","이름에 '유니클로'"
"3305321","광명","뉴발란스 뉴코아팩토리아울렛 광명점","이름에 '뉴발란스'"
"3305405","양산","아트박스 양산물금점","이름에 '아트박스'"
"3305919","서울","아디다스 현대백화점 미아점","이름에 '아디다스'"
"3305964","서울","뉴발란스키즈 현대백화점 미아점","이름에 '뉴발란스'"
"3306183","서울","나이키골프 현대백화점 미아점","이름에 '나이키'"
"3306198","거제","아트박스 거제고현점","이름에 '아트박스'"
"3306202","서울","미즈노 현대백화점 미아점","이름에 '미즈노'"
"3306446","포항","아트박스 포항점","이름에 '아트박스'"
"3306448","서울","CU 한국외국어대학교점","이름에 'CU'"
"3306634","서울","CU 장안관광호텔점","이름에 'CU'"
"3306686","서울","나이키 현대백화점 미아점","이름에 '나이키'"
"3306803","서울","유니클로 IFC몰점","이름에 '유니클로'"
"3306949","서울","올리브영 구의역점","이름에 '올리브영'"
"3307064","서울","CU 청담삼환점","이름에 'CU'"
"3307089","서울","GS25 동대문패션점","이름에 'GS25'"
"3307198","청주","아트박스 청주금천점","이름에 '아트박스'"
"3307449","서울","CU 창전숲길점","이름에 'CU'"
"3307498","천안","아트박스 천안두정점","이름에 '아트박스'"
"3307608","서울","아트박스 홍대점","이름에 '아트박스'"
"4008853","서울","CU 신설교보점","이름에 'CU'"
"4009114","서울","CU 뉴성수프리미어점","이름에 'CU'"
"4009396","서울","이마트24 신세계영등포제일점","이름에 '이마트24'"
"2893882","서귀포","아디다스 서귀포점","이름에 '아디다스'"
"2906022","서울","ABC마트 ST 이태원점","이름에 'ABC마트'"
"2906085","서울","아트박스 연신내점","이름에 '아트박스'"
"2906470","서울","나이키 타임스퀘어점","이름에 '나이키'"
"2907798","서울","뉴발란스 타임스퀘어점","이름에 '뉴발란스'"
"2909240","서울","나이키 롯데백화점 관악점","이름에 '나이키'"
"2911202","제주","뉴발란스 신제주점","이름에 '뉴발란스'"
"2911540","광명","뉴발란스 롯데몰 광명점","이름에 '뉴발란스'"
"2912290","광명","나이키 롯데몰 광명점","이름에 '나이키'"
"2912516","서울","나이키 롯데몰 은평점","이름에 '나이키'"
"2912711","안양","아트박스 안양1번가","이름에 '아트박스'"
"2915190","대전","아트박스 둔산점","이름에 '아트박스'"
"2917746","제주","유니클로 제주이도점","이름에 '유니클로'"
"2918392","부산","올리브영 경성대부경대점","이름에 '올리브영'"
"2923105","서울","아트박스 건대스타시티점","이름에 '아트박스'"
"2924337","서울","유니클로 롯데백화점 청량리점","이름에 '유니클로'"
"2925612","광명","아디다스 롯데몰 광명점","이름에 '아디다스'"
"2928376","대전","나이키메가샵 롯데백화점 대전점","이름에 '나이키'"
"2930050","서울","아디다스 NC백화점 불광점","이름에 '아디다스'"
"2930601","서울","유니클로 은평점","이름에 '유니클로'"
"3305379","춘천","탑텐키즈 엠백화점 춘천점","이름에 '탑텐'"
"3305491","울산","올리브영 울산삼산점","이름에 '올리브영'"
"3305515","서울","뉴발란스 키즈 NC 신구로점","이름에 '뉴발란스'"
"3305712","서울","스파오 NC 신구로점","이름에 '스파오'"
"3306267","서울","아디다스골프 롯데백화점 관악점","이름에 '아디다스'"
"3306990","서울","뉴발란스 NC 신구로점","이름에 '뉴발란스'"
"3307298","서울","탑텐키즈 NC 신구로점","이름에 '탑텐'"
"4008046","부산","폴더 경성대점","이름에 '폴더'"
"4008086","부산","GS25 서면문화점","이름에 'GS25'"
"4008104","부산","CU 중구이리스점","이름에 'CU'"
"4008761","대구","폴더 동성로 하이라이트점","이름에 '폴더'"
"4008780","부산","CU 부평광복로점","이름에 'CU'"
"4008783","부산","폴더 부산광복 하이라이트점","이름에 '폴더'"
"4027114","서울","올리브영 중앙대점","이름에 '올리브영'"
"4026684","서울","올리브영 강남구청역점","이름에 '올리브영'"
"4025419","수원","올리브영 수원영통점","이름에 '올리브영'"
"4012198","포항","유니클로 포항 장성점","이름에 '유니클로'"
"4010368","포천","유니클로 포천점","이름에 '유니클로'"
"4012150","진주","유니클로 진주 중안점","이름에 '유니클로'"
"4012977","익산","유니클로 익산영등점","이름에 '유니클로'"
"4013045","서울","유니클로 이마트양재점","이름에 '유니클로'"
"4011698","여주","유니클로 여주점","이름에 '유니클로'"
"4011228","부산","유니클로 부산사하점","이름에 '유니클로'"
"4011065","부산","유니클로 부산범일점","이름에 '유니클로'"
"4012183","경주","유니클로 경주점","이름에 '유니클로'"
"4011253","부산","나이키 뉴광복점","이름에 '나이키'"
"4011830","용인","올리브영 용인죽전점","이름에 '올리브영'"
"4012775","서울","아디다스 브랜드 플래그십 서울","이름에 '아디다스'"
"4013121","서울","탑텐 왕십리역점","이름에 '탑텐'"
"4012530","서울","아디다스 홍대 브랜드 센터","이름에 '아디다스'"
"4011351","서울","아디다스 오리지널스 플래그십 가로수길","이름에 '아디다스'"
"4011130","김포","올리브영 김포고촌점","이름에 '올리브영'"
"4012864","인천","올리브영 작전점","이름에 '올리브영'"
"4011655","안성","올리브영 안성점","이름에 '올리브영'"
"4012925","인천","올리브영 송도점","이름에 '올리브영'"
"4011035","광명","올리브영 철산역점","이름에 '올리브영'"
"4011187","부산","아디다스 오리지널스 서면","이름에 '아디다스'"
"4011222","부산","뉴발란스 하단동점","이름에 '뉴발란스'"
"4011224","김포","올리브영 김포통진점","이름에 '올리브영'"
"4011362","서울","뉴발란스 강남점","이름에 '뉴발란스'"
"4011546","시흥","뉴발란스 시화점","이름에 '뉴발란스'"
"4011675","서울","탑텐 명일점","이름에 '탑텐'"
"4011726","서울","올리브영 강서구청점","이름에 '올리브영'"
"4011888","의정부","올리브영 의정부대로점","이름에 '올리브영'"
"4011891","의정부","탑텐 의정부점","이름에 '탑텐'"
"4012163","창원","올리브영 창원상남점","이름에 '올리브영'"
"4012271","대구","아디다스 퍼포먼스 동성로","이름에 '아디다스'"
"4012274","대구","아디다스 오리지널스 동성로","이름에 '아디다스'"
"4012276","대구","올리브영 대구명덕역점","이름에 '올리브영'"
"4012531","서울","스파오 홍대점","이름에 '스파오'"
"4012572","서울","나이키 스타일 홍대","이름에 '나이키'"
"4012608","서울","올리브영 당산역점","이름에 '올리브영'"
"4012644","서울","나이키 이태원점","이름에 '나이키'"
"4012860","울산","올리브영 울산언양점","이름에 '올리브영'"
"4012891","인천","나이키 아이즈빌아울렛 부평점","이름에 '나이키'"
"4012892","인천","나이키 바이 부평점","이름에 '나이키'"
"4013112","서울","뉴발란스 직영성수점","이름에 '뉴발란스'"
"4013211","제주","올리브영 제주연동신라점","이름에 '올리브영'"
"4013247","제주","나이키칠성로점","이름에 '나이키'"
"4013267","천안","스파오 천안신부점","이름에 '스파오'"
"4011885","서울","올리브영 쌍문역점","이름에 '올리브영'"
"4012863","인천","올리브영 홈플러스작전점","이름에 '올리브영'"
"4011543","시흥","올리브영 시화점","이름에 '올리브영'"
"4010322","평택","올리브영 평택신장점","이름에 '올리브영'"
"4012073","부천","올리브영 부천시청역점","이름에 '올리브영'"
"4012537","서울","탑텐 홍대점","이름에 '탑텐'"
"4012733","서울","올리브영 스타필드애비뉴그랑서울점","이름에 '올리브영'"
"4013260","서산","올리브영 서산석남점","이름에 '올리브영'"
"4007967","대전","나이키 탄방로데오점","이름에 '나이키'"
"4008017","부산","스파오 부산대역점","이름에 '스파오'"
"4008077","군포","탑텐 이마트 산본점","이름에 '탑텐'"
"4008170","서울","올리브영 화곡역점","이름에 '올리브영'"
"4008178","안산","스파오 이스퀘어 안산중앙점","이름에 '스파오'"
"4008188","안성","나이키 스타필드 안성점","이름에 '나이키'"
"4008295","밀양","올리브영 밀양점","이름에 '올리브영'"
"4008318","진주","스파오 진주점","이름에 '스파오'"
"4008755","대구","스파오 동성로중앙점","이름에 '스파오'"
"4008756","대구","스파오 동성로2호점","이름에 '스파오'"
"4008757","대구","탑텐 동성로중앙점","이름에 '탑텐'"
"4009588","서귀포","나이키골프 제주중문점","이름에 '나이키'"
"4009651","홍성","올리브영 홍성내포점","이름에 '올리브영'"
"4009652","홍성","올리브영 홍성점","이름에 '올리브영'"
"4009653","홍성","올리브영 홍성터미널점","이름에 '올리브영'"
"4009654","음성","올리브영 음성금왕점","이름에 '올리브영'"
"4009655","음성","올리브영 충북혁신도시점","이름에 '올리브영'"
"4009656","제천","올리브영 제천강제점","이름에 '올리브영'"
"4009659","청주","올리브영 청주용암점","이름에 '올리브영'"
"4009660","청주","올리브영 청주동남점","이름에 '올리브영'"
"4009661","청주","올리브영 청주금천점","이름에 '올리브영'"
"4009662","청주","올리브영 청주산남점","이름에 '올리브영'"
"4009663","청주","올리브영 청주율량2지구점","이름에 '올리브영'"
"4009664","청주","올리브영 청주오창점","이름에 '올리브영'"
"4009669","청주","스파오 지웰시티몰 청주점","이름에 '스파오'"
"4009670","청주","올리브영 청주신봉네거리점","이름에 '올리브영'"
"4009671","청주","올리브영 홈플러스 청주점","이름에 '올리브영'"
"4009672","청주","올리브영 청주가경점","이름에 '올리브영'"
"4009673","청주","올리브영 청주오송2지구점","이름에 '올리브영'"
"4009674","청주","올리브영 청주오송점","이름에 '올리브영'"
"4009676","청주","올리브영 청주하복대점","이름에 '올리브영'"
"4009677","청주","올리브영 청주터미널중앙점","이름에 '올리브영'"
"4009678","충주","올리브영 충주점","이름에 '올리브영'"
"4009679","충주","올리브영 충주연수점","이름에 '올리브영'"
"4009680","충주","올리브영 서충주점","이름에 '올리브영'"
"4009735","홍성","올리브영 충남도청점","이름에 '올리브영'"
"4007955","대전","올리브영 대전관저점","이름에 '올리브영'"
"4007957","대전","올리브영 대전마치광장점","이름에 '올리브영'"
"4007960","서울","올리브영 안암점","이름에 '올리브영'"
"4007961","대전","올리브영 대전파랑새점","이름에 '올리브영'"
"4007962","서울","올리브영 길음점","이름에 '올리브영'"
"4007964","서울","올리브영 장위뉴타운점","이름에 '올리브영'"
"4007965","대전","올리브영 대전도안호수공원점","이름에 '올리브영'"
"4007968","대전","올리브영 대전탄방점","이름에 '올리브영'"
"4007969","대전","올리브영 대전초록마을점","이름에 '올리브영'"
"4007972","대전","올리브영 대전용문역점","이름에 '올리브영'"
"4007973","대전","올리브영 대전월평역점","이름에 '올리브영'"
"4007974","대전","올리브영 대전정부청사점","이름에 '올리브영'"
"4007976","대전","올리브영 대전월평점","이름에 '올리브영'"
"4007979","대전","올리브영 대전유성자이점","이름에 '올리브영'"
"4007981","대전","올리브영 대전관평점","이름에 '올리브영'"
"4007983","대전","올리브영 대전유성온천역점","이름에 '올리브영'"
"4007985","대전","올리브영 대전봉명점","이름에 '올리브영'"
"4007987","대전","올리브영 대전상대점","이름에 '올리브영'"
"4007988","대전","올리브영 대전용산점","이름에 '올리브영'"
"4007989","대전","올리브영 대전신성점","이름에 '올리브영'"
"4007992","대전","올리브영 대전전민점","이름에 '올리브영'"
"4007993","대전","올리브영 대전노은역점","이름에 '올리브영'"
"4007994","대전","올리브영 대전죽동점","이름에 '올리브영'"
"4008001","대전","올리브영 서대전네거리점","이름에 '올리브영'"
"4008005","대전","올리브영 대전목동점","이름에 '올리브영'"
"4008007","대전","올리브영 대전역점","이름에 '올리브영'"
"4008010","대전","올리브영 대전대흥점","이름에 '올리브영'"
"4008012","대전","올리브영 대전버드내점","이름에 '올리브영'"
"4008013","부산","올리브영 명지국제신도시점","이름에 '올리브영'"
"4008019","부산","올리브영 부산남산점","이름에 '올리브영'"
"4008047","부산","올리브영 부산범일점","이름에 '올리브영'"
"4008070","부산","올리브영 부산전포역점","이름에 '올리브영'"
"4008093","부산","올리브영 부산사상광장점","이름에 '올리브영'"
"4008096","부산","올리브영 부산당리점","이름에 '올리브영'"
"4008106","부산","올리브영 부산마린시티아이파크점","이름에 '올리브영'"
"4008107","부산","올리브영 부산벡스코점","이름에 '올리브영'"
"4008120","부산","올리브영 이마트해운대점","이름에 '올리브영'"
"4008124","부산","올리브영 해운대센트럴점","이름에 '올리브영'"
"4008132","서울","올리브영 강남논현점","이름에 '올리브영'"
"4008133","서울","올리브영 대치역점","이름에 '올리브영'"
"4008135","서울","올리브영 포이사거리점","이름에 '올리브영'"
"4008148","서울","올리브영 수서역점","이름에 '올리브영'"
"4008151","서울","올리브영 대치사거리점","이름에 '올리브영'"
"4008152","서울","올리브영 개포동점","이름에 '올리브영'"
"4008153","서울","올리브영 한티역점","이름에 '올리브영'"
"4008154","서울","올리브영 압구정로데오역점","이름에 '올리브영'"
"4008160","서울","올리브영 선릉점","이름에 '올리브영'"
"4008161","서울","올리브영 홈플러스 강동점","이름에 '올리브영'"
"4008162","서울","올리브영 명일역점","이름에 '올리브영'"
"4008168","서울","올리브영 마곡역점","이름에 '올리브영'"
"4008171","서울","올리브영 낙성대점","이름에 '올리브영'"
"4008449","대구","올리브영 대구앞산점","이름에 '올리브영'"
"4008450","대구","올리브영 대구대명점","이름에 '올리브영'"
"4008451","대구","올리브영 계명대점","이름에 '올리브영'"
"4008453","대구","올리브영 대구강창역점","이름에 '올리브영'"
"4008454","대구","올리브영 홈플러스성서점","이름에 '올리브영'"
"4008712","대구","올리브영 대구성서모다점","이름에 '올리브영'"
"4008713","대구","올리브영 대구죽전네거리점","이름에 '올리브영'"
"4008714","대구","올리브영 대구서부정류장점","이름에 '올리브영'"
"4008715","대구","올리브영 대구이곡점","이름에 '올리브영'"
"4008716","대구","올리브영 대구월성점","이름에 '올리브영'"
"4008717","대구","올리브영 대구진천점","이름에 '올리브영'"
"4008718","대구","올리브영 대구죽곡점","이름에 '올리브영'"
"4008719","대구","올리브영 대구테크노엠스퀘어점","이름에 '올리브영'"
"4008720","대구","올리브영 대구현풍점","이름에 '올리브영'"
"4008721","대구","올리브영 대구화원점","이름에 '올리브영'"
"4008722","대구","올리브영 대구동호점","이름에 '올리브영'"
"4008725","대구","올리브영 대구율하점","이름에 '올리브영'"
"4008727","대구","올리브영 대구구암점","이름에 '올리브영'"
"4008728","대구","올리브영 대구복현네거리점","이름에 '올리브영'"
"4008729","대구","올리브영 홈플러스칠곡점","이름에 '올리브영'"
"4008730","대구","올리브영 대구연경점","이름에 '올리브영'"
"4008731","대구","올리브영 대구칠성점","이름에 '올리브영'"
"4008732","대구","올리브영 대구칠성로점","이름에 '올리브영'"
"4008733","대구","올리브영 대구태전점","이름에 '올리브영'"
"4008736","대구","올리브영 대구칠곡점","이름에 '올리브영'"
"4008738","대구","올리브영 대구내당점","이름에 '올리브영'"
"4008739","대구","올리브영 대구평리점","이름에 '올리브영'"
"4008740","대구","올리브영 대구범어역점","이름에 '올리브영'"
"4008741","대구","올리브영 대구만촌네거리점","이름에 '올리브영'"
"4008742","대구","올리브영 대구사월역점","이름에 '올리브영'"
"4008743","대구","올리브영 대구황금점","이름에 '올리브영'"
"4008744","대구","올리브영 대구만촌점","이름에 '올리브영'"
"4008745","대구","올리브영 대구수성3가점","이름에 '올리브영'"
"4008746","대구","올리브영 대구중동점","이름에 '올리브영'"
"4008747","대구","올리브영 대구수성1가점","이름에 '올리브영'"
"4008748","대구","올리브영 대구수성스퀘어점","이름에 '올리브영'"
"4008749","대구","올리브영 대구황금캐슬점","이름에 '올리브영'"
"4008764","대전","올리브영 대전송촌점","이름에 '올리브영'"
"4008765","대전","올리브영 대전복합터미널점","이름에 '올리브영'"
"4008766","대전","올리브영 대전터미널동관점","이름에 '올리브영'"
"4008767","대전","올리브영 대전판암점","이름에 '올리브영'"
"4008768","대전","올리브영 패션아일랜드대전점","이름에 '올리브영'"
"4008769","대전","올리브영 대전갈마점","이름에 '올리브영'"
"4008775","부산","올리브영 부산장림점","이름에 '올리브영'"
"4008776","부산","올리브영 부산자갈치역점","이름에 '올리브영'"
"4008779","부산","올리브영 부산영도점","이름에 '올리브영'"
"4008789","부산","올리브영 딜라이트 프로젝트 해운대점","이름에 '올리브영'"
"4008791","서울","올리브영 역삼점","이름에 '올리브영'"
"4008792","서울","올리브영 파르나스삼성 타운","이름에 '올리브영'"
"4008793","서울","올리브영 세곡동점","이름에 '올리브영'"
"4008794","서울","올리브영 상일동역점","이름에 '올리브영'"
"4008795","서울","올리브영 이케아 강동점","이름에 '올리브영'"
"4008796","서울","올리브영 천호역점","이름에 '올리브영'"
"4008797","서울","올리브영 암사역점","이름에 '올리브영'"
"4008798","서울","올리브영 천호엔터식스점","이름에 '올리브영'"
"4008799","서울","올리브영 미아사거리역점","이름에 '올리브영'"
"4008800","서울","올리브영 미아사거리점","이름에 '올리브영'"
"4008801","서울","올리브영 미아뉴타운점","이름에 '올리브영'"
"4008802","서울","올리브영 화곡역사거리점","이름에 '올리브영'"
"4008804","서울","올리브영 원그로브점","이름에 '올리브영'"
"4008805","서울","올리브영 등촌역점","이름에 '올리브영'"
"4008806","서울","올리브영 염창역9호선점","이름에 '올리브영'"
"4008807","서울","올리브영 목동사거리점","이름에 '올리브영'"
"4008810","서울","올리브영 녹두거리점","이름에 '올리브영'"
"4008811","서울","올리브영 신림중앙점","이름에 '올리브영'"
"4008815","서울","올리브영 중곡역점","이름에 '올리브영'"
"4008826","서울","올리브영 구의이스트폴점","이름에 '올리브영'"
"4008827","서울","올리브영 올림픽대교북단점","이름에 '올리브영'"
"4008830","서울","올리브영 개봉역북부점","이름에 '올리브영'"
"4008831","서울","올리브영 고척아이파크몰점","이름에 '올리브영'"
"4008832","서울","올리브영 NC 신구로점","이름에 '올리브영'"
"4008833","서울","올리브영 구로구청점","이름에 '올리브영'"
"4008834","서울","올리브영 남구로점","이름에 '올리브영'"
"4008835","서울","올리브영 구로디지털대로점","이름에 '올리브영'"
"4008836","서울","올리브영 천왕역점","이름에 '올리브영'"
"4008837","서울","올리브영 노원공릉점","이름에 '올리브영'"
"4008838","서울","올리브영 마들역점","이름에 '올리브영'"
"4008839","서울","올리브영 수락산역점","이름에 '올리브영'"
"4008840","서울","올리브영 홈플러스중계점","이름에 '올리브영'"
"4008841","서울","올리브영 이마트월계점","이름에 '올리브영'"
"4008842","서울","올리브영 광운대역점","이름에 '올리브영'"
"4008843","서울","올리브영 은행사거리점","이름에 '올리브영'"
"4008844","서울","올리브영 상계보람점","이름에 '올리브영'"
"4008845","서울","올리브영 창동역점","이름에 '올리브영'"
"4008846","서울","올리브영 쌍문점","이름에 '올리브영'"
"4008847","서울","올리브영 홈플러스방학점","이름에 '올리브영'"
"4008848","서울","올리브영 방학역점","이름에 '올리브영'"
"4008857","서울","올리브영 청량리중앙점","이름에 '올리브영'"
"4008861","서울","올리브영 청량리역사점","이름에 '올리브영'"
"4008868","서울","올리브영 남성역점","이름에 '올리브영'"
"4008869","서울","올리브영 이수역점","이름에 '올리브영'"
"4008871","서울","올리브영 보라매역점","이름에 '올리브영'"
"4008882","서울","올리브영 망원동점","이름에 '올리브영'"
"4008889","서울","올리브영 디지털미디어시티역점","이름에 '올리브영'"
"4009034","서울","올리브영 명지대점","이름에 '올리브영'"
"4009040","서울","올리브영 신촌중앙점","이름에 '올리브영'"
"4009050","서울","올리브영 서초우성점","이름에 '올리브영'"
"4009051","서울","올리브영 센트럴 강남 타운","이름에 '올리브영'"
"4009090","서울","올리브영 방배점","이름에 '올리브영'"
"4009091","서울","올리브영 방배카페거리점","이름에 '올리브영'"
"4009107","서울","올리브영 NC 강남점","이름에 '올리브영'"
"4009111","서울","올리브영 신금호역점","이름에 '올리브영'"
"4009115","서울","올리브영 성수연방점","이름에 '올리브영'"
"4009119","서울","올리브영 뚝섬역점","이름에 '올리브영'"
"4009132","서울","올리브영 한성대입구역점","이름에 '올리브영'"
"4009135","서울","올리브영 길음역점","이름에 '올리브영'"
"4009136","서울","올리브영 방이역점","이름에 '올리브영'"
"4009137","서울","올리브영 삼전역점","이름에 '올리브영'"
"4009138","서울","올리브영 송리단길점","이름에 '올리브영'"
"4009139","서울","올리브영 방이시장점","이름에 '올리브영'"
"4009140","서울","올리브영 잠실학원사거리점","이름에 '올리브영'"
"4009141","서울","올리브영 송파하비오점","이름에 '올리브영'"
"4009147","서울","올리브영 헬리오시티점","이름에 '올리브영'"
"4009149","서울","올리브영 개롱역점","이름에 '올리브영'"
"4009150","서울","올리브영 거여역점","이름에 '올리브영'"
"4009151","서울","올리브영 송파구청점","이름에 '올리브영'"
"4009163","서울","올리브영 롯데월드점","이름에 '올리브영'"
"4009184","서울","올리브영 잠실장미상가점","이름에 '올리브영'"
"4009192","서울","올리브영 위례아이파크점","이름에 '올리브영'"
"4009200","서울","올리브영 가락시장역점","이름에 '올리브영'"
"4009280","서울","올리브영 서서울호수공원점","이름에 '올리브영'"
"4009307","서울","올리브영 목동파리공원점","이름에 '올리브영'"
"4009308","서울","올리브영 이마트 목동점","이름에 '올리브영'"
"4009309","서울","올리브영 오목교지하철역점","이름에 '올리브영'"
"4009310","서울","올리브영 양천신월점","이름에 '올리브영'"
"4009313","서울","올리브영 영등포역사점","이름에 '올리브영'"
"4009359","서울","올리브영 신풍역점","이름에 '올리브영'"
"4009360","서울","올리브영 당산대로점","이름에 '올리브영'"
"4009397","서울","올리브영 동여의도점","이름에 '올리브영'"
"4009435","서울","올리브영 용산아이파크몰더센터점","이름에 '올리브영'"
"4009442","서울","올리브영 구산역점","이름에 '올리브영'"
"4009443","서울","올리브영 수색점","이름에 '올리브영'"
"4009444","서울","올리브영 응암점","이름에 '올리브영'"
"4009445","서울","올리브영 녹번역점","이름에 '올리브영'"
"4009446","서울","올리브영 구파발점","이름에 '올리브영'"
"4009448","서울","올리브영 불광역점","이름에 '올리브영'"
"4009449","서울","올리브영 경복궁역점","이름에 '올리브영'"
"4009450","서울","올리브영 종로평창점","이름에 '올리브영'"
"4009451","서울","올리브영 명동2가점","이름에 '올리브영'"
"4009452","서울","올리브영 명동거리점","이름에 '올리브영'"
"4009453","서울","올리브영 동대문역사문화공원사거리점","이름에 '올리브영'"
"4009454","서울","올리브영 던던 동대문점","이름에 '올리브영'"
"4009455","서울","올리브영 먹골역점","이름에 '올리브영'"
"4009456","서울","올리브영 상봉엔터식스점","이름에 '올리브영'"
"4009458","서울","올리브영 신내점","이름에 '올리브영'"
"4009459","서울","올리브영 양원역점","이름에 '올리브영'"
"4009460","세종","올리브영 세종대평점","이름에 '올리브영'"
"4009461","세종","올리브영 세종아름점","이름에 '올리브영'"
"4009462","세종","올리브영 세종새롬점","이름에 '올리브영'"
"4009463","세종","올리브영 세종반곡점","이름에 '올리브영'"
"4009464","세종","올리브영 세종첫마을점","이름에 '올리브영'"
"4009465","세종","올리브영 세종소담점","이름에 '올리브영'"
"4009466","세종","올리브영 AK 세종점","이름에 '올리브영'"
"4009467","세종","올리브영 세종도담점","이름에 '올리브영'"
"4009468","울산","올리브영 울산대공원점","이름에 '올리브영'"
"4009471","울산","올리브영 울산신정점","이름에 '올리브영'"
"4009473","울산","올리브영 울산남목점","이름에 '올리브영'"
"4009474","울산","올리브영 현대백화점 울산점 동구","이름에 '올리브영'"
"4009475","울산","올리브영 울산신선도원점","이름에 '올리브영'"
"4009476","울산","올리브영 울산화봉점","이름에 '올리브영'"
"4009477","울산","올리브영 울산송정점","이름에 '올리브영'"
"4009478","울산","올리브영 울산굴화점","이름에 '올리브영'"
"4009479","울산","올리브영 울산태화점","이름에 '올리브영'"
"4009481","인천","올리브영 계산역점","이름에 '올리브영'"
"4009483","인천","올리브영 만수향촌점","이름에 '올리브영'"
"4009484","인천","올리브영 트레이더스구월점","이름에 '올리브영'"
"4009485","인천","올리브영 인천서창점","이름에 '올리브영'"
"4009486","인천","올리브영 간석역점","이름에 '올리브영'"
"4009487","인천","올리브영 인천구월로데오점","이름에 '올리브영'"
"4009488","인천","올리브영 인천만수점","이름에 '올리브영'"
"4009489","인천","올리브영 인천논현역점","이름에 '올리브영'"
"4009490","인천","올리브영 홈플러스 인천논현점","이름에 '올리브영'"
"4009492","인천","올리브영 인천시민공원역점","이름에 '올리브영'"
"4009493","인천","올리브영 홈플러스 인하점","이름에 '올리브영'"
"4009494","인천","올리브영 인천앨리웨이점","이름에 '올리브영'"
"4009495","인천","올리브영 인천터미널역점","이름에 '올리브영'"
"4009498","인천","올리브영 부평북부점","이름에 '올리브영'"
"4009499","인천","올리브영 부평역남부점","이름에 '올리브영'"
"4009500","인천","올리브영 롯데마트 삼산점","이름에 '올리브영'"
"4009501","인천","올리브영 동암역점","이름에 '올리브영'"
"4009507","인천","올리브영 부평 타운","이름에 '올리브영'"
"4009508","인천","올리브영 부평그랑힐스점","이름에 '올리브영'"
"4009509","인천","올리브영 인천갈산점","이름에 '올리브영'"
"4009524","인천","올리브영 송도랜드마크시티점","이름에 '올리브영'"
"4009525","인천","올리브영 송도인천대입구역점","이름에 '올리브영'"
"4009526","인천","올리브영 송도삼성바이오로직스점","이름에 '올리브영'"
"4009558","고창","올리브영 전북고창점","이름에 '올리브영'"
"4009559","군산","올리브영 군산조촌점","이름에 '올리브영'"
"4009560","군산","올리브영 군산신송사거리점","이름에 '올리브영'"
"4009564","남원","올리브영 남원하정점","이름에 '올리브영'"
"4009565","완주","올리브영 전북완주점","이름에 '올리브영'"
"4009567","익산","올리브영 익산고현로점","이름에 '올리브영'"
"4009568","익산","올리브영 익산영등점","이름에 '올리브영'"
"4009569","익산","올리브영 익산부송점","이름에 '올리브영'"
"4009570","익산","올리브영 익산인화점","이름에 '올리브영'"
"4009571","익산","올리브영 익산모현점","이름에 '올리브영'"
"4009573","전주","올리브영 전북대금암점","이름에 '올리브영'"
"4009574","전주","올리브영 전주혁신도시점","이름에 '올리브영'"
"4009575","전주","올리브영 전주송천동2가점","이름에 '올리브영'"
"4009577","전주","올리브영 전주효자동점","이름에 '올리브영'"
"4009579","전주","올리브영 전주객사점","이름에 '올리브영'"
"4009585","서귀포","올리브영 서귀포동광점","이름에 '올리브영'"
"4009587","서귀포","올리브영 서귀포혁신도시점","이름에 '올리브영'"
"4009591","제주","올리브영 제주삼화점","이름에 '올리브영'"
"4009595","제주","올리브영 제주용담점","이름에 '올리브영'"
"4009619","계룡","올리브영 충남계룡대실점","이름에 '올리브영'"
"4009620","계룡","올리브영 충남계룡점","이름에 '올리브영'"
"4009621","논산","올리브영 논산내동점","이름에 '올리브영'"
"4009622","당진","올리브영 당진신성점","이름에 '올리브영'"
"4009626","부여","올리브영 충남부여점","이름에 '올리브영'"
"4009628","서산","올리브영 서산호수공원점","이름에 '올리브영'"
"4009630","아산","올리브영 아산방축점","이름에 '올리브영'"
"4009632","아산","올리브영 아산삼성2캠퍼스점","이름에 '올리브영'"
"4009633","아산","올리브영 아산지중해마을점","이름에 '올리브영'"
"4009634","아산","올리브영 아산탕정점","이름에 '올리브영'"
"4009635","천안","올리브영 천안역점","이름에 '올리브영'"
"4009636","천안","올리브영 천안신부점","이름에 '올리브영'"
"4009639","천안","올리브영 천안구성점","이름에 '올리브영'"
"4009640","천안","올리브영 천안청수점","이름에 '올리브영'"
"4009642","천안","올리브영 천안두정역점","이름에 '올리브영'"
"4009643","천안","올리브영 천안쌍용광명점","이름에 '올리브영'"
"4009644","천안","올리브영 천안불당파크점","이름에 '올리브영'"
"4009645","천안","올리브영 천안불당동점","이름에 '올리브영'"
"4009646","천안","올리브영 천안업성호수점","이름에 '올리브영'"
"4009647","천안","올리브영 천안성정점","이름에 '올리브영'"
"4009648","천안","올리브영 천안나사렛점","이름에 '올리브영'"
"4009649","천안","올리브영 천안직산점","이름에 '올리브영'"
"4009650","천안","올리브영 천안백석점","이름에 '올리브영'"
"4009733","대전","올리브영 서대전역점","이름에 '올리브영'"
"4012407","서울","올리브영 송정역점","이름에 '올리브영'"
"4012408","서울","올리브영 방화역점","이름에 '올리브영'"
"4012410","서울","올리브영 잠실점","이름에 '올리브영'"
"4008369","함양","올리브영 경남함양점","이름에 '올리브영'"
"4008368","창원","올리브영 진해석동점","이름에 '올리브영'"
"4008366","창원","올리브영 창원상남중앙점","이름에 '올리브영'"
"4008352","창원","올리브영 창원성원점","이름에 '올리브영'"
"4008351","창원","올리브영 마산내서점","이름에 '올리브영'"
"4008340","창원","올리브영 마산산호점","이름에 '올리브영'"
"4008338","창원","올리브영 마산창동점","이름에 '올리브영'"
"4008323","진주","올리브영 진주혁신도시점","이름에 '올리브영'"
"4008322","진주","올리브영 진주초전점","이름에 '올리브영'"
"4008320","진주","올리브영 진주중앙점","이름에 '올리브영'"
"4008319","진주","올리브영 진주하대점","이름에 '올리브영'"
"4008309","양산","올리브영 양산신덕계점","이름에 '올리브영'"
"4008308","양산","올리브영 양산서창점","이름에 '올리브영'"
"4008307","양산","올리브영 양산범어점","이름에 '올리브영'"
"4008306","양산","올리브영 양산석산점","이름에 '올리브영'"
"4008296","사천","올리브영 사천벌리점","이름에 '올리브영'"
"4008293","김해","올리브영 김해진영대로점","이름에 '올리브영'"
"4008292","김해","올리브영 김해진영점","이름에 '올리브영'"
"4008291","김해","올리브영 김해주촌점","이름에 '올리브영'"
"4008289","김해","올리브영 김해내동점","이름에 '올리브영'"
"4008249","거제","올리브영 거제아주점","이름에 '올리브영'"
"4008248","거제","올리브영 거제고현대로점","이름에 '올리브영'"
"4008246","화성","올리브영 화성반월점","이름에 '올리브영'"
"4008245","화성","올리브영 화성봉담2지구점","이름에 '올리브영'"
"4008244","화성","올리브영 병점복합타운점","이름에 '올리브영'"
"4008243","화성","올리브영 스타필드마켓 동탄점","이름에 '올리브영'"
"4008242","화성","올리브영 동탄여울공원점","이름에 '올리브영'"
"4008241","화성","올리브영 롯데백화점 동탄점","이름에 '올리브영'"
"4008240","화성","올리브영 동탄산척점","이름에 '올리브영'"
"4008239","화성","올리브영 동탄청계점","이름에 '올리브영'"
"4008238","화성","올리브영 동탄디엠시티점","이름에 '올리브영'"
"4008237","화성","올리브영 화성남양점","이름에 '올리브영'"
"4008235","하남","올리브영 하남미사점","이름에 '올리브영'"
"4008234","포천","올리브영 포천신읍점","이름에 '올리브영'"
"4008233","포천","올리브영 포천송우리점","이름에 '올리브영'"
"4008232","평택","올리브영 평택용죽점","이름에 '올리브영'"
"4008231","평택","올리브영 평택고덕에듀타운점","이름에 '올리브영'"
"4008230","평택","올리브영 평택고덕브리티시점","이름에 '올리브영'"
"4008228","파주","올리브영 파주초롱꽃마을점","이름에 '올리브영'"
"4008226","이천","올리브영 이천터미널점","이름에 '올리브영'"
"4008225","이천","올리브영 이천증포점","이름에 '올리브영'"
"4008224","의정부","올리브영 의정부장암점","이름에 '올리브영'"
"4008223","의정부","올리브영 의정부엘스퀘어점","이름에 '올리브영'"
"4008222","의정부","올리브영 의정부용현점","이름에 '올리브영'"
"4008221","의왕","올리브영 의왕포일점","이름에 '올리브영'"
"4008220","의왕","올리브영 의왕역점","이름에 '올리브영'"
"4008215","용인","올리브영 죽전중앙점","이름에 '올리브영'"
"4008214","용인","올리브영 용인역북점","이름에 '올리브영'"
"4008213","용인","올리브영 스타필드마켓죽전점","이름에 '올리브영'"
"4008212","용인","올리브영 수지동천점","이름에 '올리브영'"
"4008211","용인","올리브영 용인상현점","이름에 '올리브영'"
"4008210","용인","올리브영 상현역점","이름에 '올리브영'"
"4008209","용인","올리브영 용인흥덕점","이름에 '올리브영'"
"4008208","용인","올리브영 용인보라점","이름에 '올리브영'"
"4008207","용인","올리브영 용인연원마을점","이름에 '올리브영'"
"4008206","용인","올리브영 용인기흥점","이름에 '올리브영'"
"4008202","용인","올리브영 용인구성점","이름에 '올리브영'"
"4008201","오산","올리브영 홈플러스 오산점","이름에 '올리브영'"
"4008200","오산","올리브영 오산세교점","이름에 '올리브영'"
"4008199","오산","올리브영 오산대역점","이름에 '올리브영'"
"4008198","오산","올리브영 오산갈곶점","이름에 '올리브영'"
"4008197","여주","올리브영 경기여주DI점","이름에 '올리브영'"
"4008195","여주","올리브영 여주 프리미엄 빌리지점","이름에 '올리브영'"
"4008194","양주","올리브영 양주덕계점","이름에 '올리브영'"
"4008193","안양","올리브영 안양엔터식스점","이름에 '올리브영'"
"4008191","안양","올리브영 안양관양점","이름에 '올리브영'"
"4008190","안양","올리브영 안양호계점","이름에 '올리브영'"
"4008189","안성","올리브영 안성마정점","이름에 '올리브영'"
"4008176","시흥","올리브영 시흥장곡점","이름에 '올리브영'"
"4008175","시흥","올리브영 시흥은계점","이름에 '올리브영'"
"4008174","시흥","올리브영 시흥능곡점","이름에 '올리브영'"
"4008173","시흥","올리브영 시흥신천점","이름에 '올리브영'"
"4008159","시흥","올리브영 시흥목감점","이름에 '올리브영'"
"4008158","수원","올리브영 수원매교점","이름에 '올리브영'"
"4008157","수원","올리브영 수원역점","이름에 '올리브영'"
"4008156","수원","올리브영 수원AK타운중앙점","이름에 '올리브영'"
"4008155","수원","올리브영 스타필드수원점","이름에 '올리브영'"
"4008149","수원","올리브영 수원망포사거리점","이름에 '올리브영'"
"4008147","수원","올리브영 수원호매실사거리점","이름에 '올리브영'"
"4008146","수원","올리브영 수원오목천점","이름에 '올리브영'"
"4008145","성남","올리브영 단대오거리역점","이름에 '올리브영'"
"4008144","성남","올리브영 성남은행점","이름에 '올리브영'"
"4008143","성남","올리브영 수내역점","이름에 '올리브영'"
"4008142","성남","올리브영 분당아름마을점","이름에 '올리브영'"
"4008141","성남","올리브영 서현중앙점","이름에 '올리브영'"
"4008140","성남","올리브영 분당수내점","이름에 '올리브영'"
"4008139","성남","올리브영 2001아울렛 분당점","이름에 '올리브영'"
"4008138","부천","올리브영 부천신중동점","이름에 '올리브영'"
"4008137","부천","올리브영 뉴코아아울렛 부천점","이름에 '올리브영'"
"4008136","부천","올리브영 부천상동사거리점","이름에 '올리브영'"
"4008131","남양주","올리브영 남양주마석점","이름에 '올리브영'"
"4008129","남양주","올리브영 남양주호평점","이름에 '올리브영'"
"4008128","남양주","올리브영 진접역점","이름에 '올리브영'"
"4008127","남양주","올리브영 남양주진접점","이름에 '올리브영'"
"4008126","남양주","올리브영 남양주오남점","이름에 '올리브영'"
"4008125","남양주","올리브영 별내별가람역점","이름에 '올리브영'"
"4008113","김포","올리브영 김포풍무점","이름에 '올리브영'"
"4008112","김포","올리브영 홈플러스김포점","이름에 '올리브영'"
"4008111","김포","올리브영 김포장기점","이름에 '올리브영'"
"4008110","김포","올리브영 김포한강로점","이름에 '올리브영'"
"4008109","김포","올리브영 김포운양점","이름에 '올리브영'"
"4008108","김포","올리브영 김포풍무역점","이름에 '올리브영'"
"4008081","김포","올리브영 걸포북변역점","이름에 '올리브영'"
"4008080","군포","올리브영 AK금정점","이름에 '올리브영'"
"4008078","군포","올리브영 산본한숲점","이름에 '올리브영'"
"4008075","군포","올리브영 금정역점","이름에 '올리브영'"
"4008074","군포","올리브영 군포당동점","이름에 '올리브영'"
"4008073","구리","올리브영 구리토평점","이름에 '올리브영'"
"4008061","구리","올리브영 구리수택사거리점","이름에 '올리브영'"
"4008060","구리","올리브영 구리역사점","이름에 '올리브영'"
"4008059","구리","올리브영 구리인창점","이름에 '올리브영'"
"4008057","광주","올리브영 태전중앙로점","이름에 '올리브영'"
"4008056","광주","올리브영 광주태전점","이름에 '올리브영'"
"4008055","광주","올리브영 경기광주초월역점","이름에 '올리브영'"
"4008054","광주","올리브영 광주오포점","이름에 '올리브영'"
"4008053","광주","올리브영 경기광주터미널점","이름에 '올리브영'"
"4008040","과천","올리브영 과천정보타운역점","이름에 '올리브영'"
"4008035","고양","올리브영 일산주엽점","이름에 '올리브영'"
"4008032","고양","올리브영 백석역점","이름에 '올리브영'"
"4008031","고양","올리브영 일산식사점","이름에 '올리브영'"
"4008030","고양","올리브영 화정역점","이름에 '올리브영'"
"4008027","고양","올리브영 고양삼송점","이름에 '올리브영'"
"4008026","고양","올리브영 원당역점","이름에 '올리브영'"
"4008025","가평","올리브영 가평점","이름에 '올리브영'"
"4008022","춘천","올리브영 춘천엔타점","이름에 '올리브영'"
"4008021","춘천","올리브영 춘천석사점","이름에 '올리브영'"
"4008016","춘천","올리브영 춘천온의점","이름에 '올리브영'"
"4008006","철원","올리브영 철원동송점","이름에 '올리브영'"
"4008004","원주","올리브영 원주혁신도시점","이름에 '올리브영'"
"4008002","원주","올리브영 원주기업도시점","이름에 '올리브영'"
"4008000","원주","올리브영 원주단계점","이름에 '올리브영'"
"4007986","원주","올리브영 원주무실중앙점","이름에 '올리브영'"
"4007980","동해","올리브영 동해천곡점","이름에 '올리브영'"
"4007978","동해","올리브영 동해청운점","이름에 '올리브영'"
"4007977","동해","올리브영 동해점","이름에 '올리브영'"
"4007975","강릉","올리브영 강릉 타운","이름에 '올리브영'"
"4007966","강릉","올리브영 강릉역사점","이름에 '올리브영'"
"3544518","강릉","다이소 강릉내곡점","이름에 '다이소'"
"3544636","강릉","강릉식자재마트","이름이 '마트'로 끝남"
"3544739","강릉","꽃사슴복권마트(슈퍼맨편의점)","이름이 '마트'로 끝남"
"3544744","강릉","이마트24 강릉여고점","이름에 '이마트24'"
"3540485","강릉","주문진식자재마트","이름이 '마트'로 끝남"
"3540270","강릉","소금강행복펜션마트","이름이 '마트'로 끝남"
"3540260","강릉","한길DC마트","이름이 '마트'로 끝남"
"3540175","강릉","강원식자재마트 주문진점 (구 강원양돈하나로마트주문진지점)","이름에 '식자재'"
"3539784","강릉","주문진원마트","이름이 '마트'로 끝남"
"2724411","김제","미즈노씨네 트리하우스","이름에 '미즈노'"
"3378796","담양","담양LP음악충전소","이름이 '충전소'로 끝남"
"4093868","서울","메가MGC커피 관악구청점","이름에 '메가MGC'"
"2852796","담양","베트남식당&마트","이름이 '마트'로 끝남"
"3544102","강릉","빽다방 강릉내곡점","이름에 '빽다방'"
"3547805","강릉","이디야커피 강릉중앙점","이름에 '이디야'"
"3538351","강릉","롯데리아 강릉내곡점","이름에 '롯데리아'"
"3537618","강릉","컴포즈커피 강릉내곡점","이름에 '컴포즈커피'"
"3537193","강릉","이디야커피강릉사천점","이름에 '이디야'"
"3536915","강릉","스타벅스 강릉송정DT점","이름에 '스타벅스'"
"3536873","강릉","컴포즈커피 강릉포남점","이름에 '컴포즈커피'"
"3536759","강릉","빽다방 포남점","이름에 '빽다방'"
"3536482","강릉","이디야커피 강릉회산점","이름에 '이디야'"
"3536360","강릉","스타벅스 강릉강문해변점","이름에 '스타벅스'"
"3535799","강릉","롯데리아 강릉입암점","이름에 '롯데리아'"
"3535673","강릉","맥도날드 강릉점","이름에 '맥도날드'"
"1798533","남원","지리산한우마을/축산물마트","이름이 '마트'로 끝남"
